TimeStep,CellId,Orientation,label,Center_X,Center_Y,Major_axis,Minor_axis,parent,daughter1,daughter2,InstantaneousGrowthRate,InstantaneousVelocity
1.0,0.0,0.1418970678182456,1.0,123.58000183105469,50.939998626708984,23.4759464263916,6.505383014678955,0.0,,,,
1.0,1.0,0.21866894466834133,2.0,120.4764633178711,59.60587692260742,23.536956787109375,6.399448871612549,0.0,,,0.039,-0.009
1.0,2.0,0.35877067572722365,3.0,108.89725494384766,66.77397155761719,17.439130783081055,8.778085708618164,0.0,,,,
1.0,3.0,3.0172376780690877,4.0,127.46923828125,70.25386047363281,15.504340171813965,8.062257766723633,0.0,,,0.099,0.117
2.0,1.0,0.19739556394651794,2.0,120.34616088867188,59.76923370361328,23.730052947998047,6.471832752227783,0.0,,,0.353,0.024
2.0,3.0,3.141592653589793,4.0,128.0,70.5,16.0,9.0,0.0,,,0.2,0.088
2.0,4.0,0.21866894466834133,5.0,123.68824005126953,50.6529426574707,23.97081756591797,6.399448394775391,0.0,,,,
2.0,5.0,0.3587707090167373,6.0,108.56163787841797,66.33561706542969,18.375459671020508,8.192880630493164,0.0,,,,
3.0,1.0,0.19739556394651794,2.0,120.42308807373047,59.88461685180664,25.49509620666504,6.667947769165039,0.0,,,0.039,-0.029
3.0,3.0,3.141592653589793,4.0,128.5,70.5,17.0,7.0,0.0,,,0.0,0.128
3.0,6.0,0.2310906770065275,7.0,123.72294616699219,50.552459716796875,25.48062515258789,6.355841159820557,0.0,,,,
3.0,7.0,0.3805063312800144,8.0,108.32759094238281,66.43103790283203,18.75522804260254,8.356290817260742,0.0,,,,
4.0,1.0,0.19739556394651794,2.0,120.36539459228516,59.67308044433594,25.691213607788086,6.275716304779053,0.0,,,0.343,-0.033
4.0,3.0,3.141592653589793,4.0,129.5,70.0,17.0,8.0,0.0,,,0.2,0.088
4.0,8.0,0.2310906770065275,9.0,123.69672393798828,50.66393280029297,25.938703536987305,6.584880828857422,0.0,,,,
4.0,9.0,0.3217505727567366,10.0,107.94999694824219,66.1500015258789,19.606117248535156,8.538147926330566,0.0,,,,
5.0,1.0,0.24497867926188402,2.0,120.23530578613281,59.55883026123047,27.406526565551758,6.305926322937012,0.0,,,0.665,-0.305
5.0,3.0,3.141592653589793,4.0,130.0,70.0,18.0,8.0,0.0,,,1.015,0.056
5.0,10.0,0.21866896131309815,11.0,123.18822479248047,50.6529426574707,26.899377822875977,6.616379261016846,0.0,83.0,12.0,1.13,-0.122
5.0,11.0,0.32175053946722293,12.0,107.50000762939453,66.0,21.819713592529297,8.538147926330566,0.0,,,0.099,-0.131
6.0,1.0,0.29849894604293187,2.0,118.9027099609375,58.81621551513672,30.731977462768555,6.763975620269775,0.0,,,0.191,-0.098
6.0,3.0,2.961739132006545,4.0,129.94400024414062,70.69200134277344,23.076223373413086,8.3181734085083,0.0,,,0.672,-0.031
6.0,10.0,0.27300869940632017,11.0,122.74405670166016,50.128334045410156,32.54818344116211,7.16445255279541,0.0,83.0,12.0,,
6.0,11.0,0.24497867926188402,12.0,106.76472473144531,65.9411849975586,22.313274383544922,8.731282234191895,0.0,,,0.048,0.035
7.0,1.0,0.29849894604293187,2.0,118.4783706665039,58.57027053833008,31.687753677368164,6.396368026733398,0.0,,,0.45,-0.028
7.0,3.0,2.896614057551693,4.0,129.61766052246094,70.97058868408203,26.436382293701172,8.00367546081543,0.0,,,0.394,-0.023
7.0,11.0,0.19739556394651794,12.0,106.88461303710938,66.07691955566406,22.553356170654297,8.825225830078125,0.0,,,0.118,0.062
7.0,12.0,0.3587707090167373,11.0,131.8082275390625,52.67808532714844,16.5028018951416,6.554304122924805,10.0,,,0.0,0.0
7.0,83.0,0.24497867926188402,11.0,113.61766052246094,48.02941131591797,15.764815330505371,5.5783185958862305,10.0,,,0.197,-0.098
8.0,1.0,0.27094681351135363,2.0,118.3638916015625,58.489967346191406,33.93724822998047,6.744626045227051,0.0,,,0.247,-0.129
8.0,3.0,2.8809902235425797,4.0,129.4004364013672,71.1265640258789,28.407306671142578,7.923126220703125,0.0,,,0.318,-0.043
8.0,11.0,0.19739556394651794,12.0,107.15383911132812,66.23076629638672,23.141704559326172,8.629110336303711,0.0,,,0.039,0.014
8.0,12.0,0.3587707090167373,11.0,131.8082275390625,52.67808532714844,16.5028018951416,6.554304122924805,10.0,,,0.271,0.061
8.0,83.0,0.26625207662846423,11.0,113.20768737792969,47.73845672607422,16.751806259155273,5.700876235961914,10.0,,,0.186,-0.296
9.0,1.0,0.2662520433389506,2.0,117.83846282958984,58.092308044433594,35.17002487182617,6.753345966339111,0.0,,,,
9.0,3.0,2.843093707546861,4.0,128.78379821777344,71.79730224609375,29.99675941467285,8.160883903503418,0.0,,,,
9.0,11.0,0.1418970678182456,12.0,107.34999084472656,66.04999542236328,23.334524154663086,9.050968170166016,0.0,,,-0.198,0.089
9.0,12.0,0.40489176553840667,11.0,132.15516662597656,52.637935638427734,17.857677459716797,6.565322399139404,10.0,,,0.1,0.316
9.0,83.0,0.21866894466834133,11.0,111.74706268310547,47.38823699951172,17.679834365844727,5.64019250869751,10.0,,,,
10.0,11.0,0.21866896131309815,12.0,107.70587921142578,66.32353210449219,22.34383773803711,8.785684585571289,0.0,,,0.199,-0.085
10.0,12.0,0.507098528563954,11.0,133.4009552001953,53.77830123901367,18.357301712036133,6.604743480682373,10.0,,,1.26,0.542
10.0,13.0,0.19739556394651794,13.0,112.07691955566406,47.61538314819336,18.8271484375,5.88348388671875,0.0,,,,
10.0,14.0,0.2573237125606759,14.0,117.92228698730469,58.29534149169922,31.557167053222656,6.51502799987793,0.0,,,,
10.0,15.0,2.83870774754761,15.0,128.6708221435547,71.4466323852539,32.5119743347168,8.053424835205078,0.0,,,,
11.0,11.0,0.19739556394651794,12.0,107.25000762939453,66.25,23.337818145751953,8.629108428955078,0.0,,,0.132,-0.002
11.0,12.0,0.6107260214520315,11.0,135.8053741455078,55.063758850097656,24.65888214111328,7.209240913391113,10.0,,,0.671,0.227
11.0,16.0,0.11065722283572099,16.0,108.56707000732422,46.89634323120117,25.399253845214844,6.51546049118042,0.0,,,,
11.0,17.0,0.2551823978861977,17.0,115.67522430419922,57.82831573486328,36.13840866088867,7.236095428466797,0.0,,,,
11.0,18.0,2.896614057551693,18.0,126.4411849975586,73.26471710205078,39.53330612182617,9.45888900756836,0.0,,,,
12.0,11.0,3.141592653589793,12.0,108.0,65.0,24.0,8.0,0.0,,,-0.149,-0.056
12.0,12.0,0.5880025328719031,11.0,136.88461303710938,55.423072814941406,28.012361526489258,6.933752536773682,10.0,,,,
12.0,19.0,0.09065988742783065,19.0,107.56558990478516,46.7786865234375,27.341794967651367,6.699644565582275,0.0,,,,
12.0,20.0,0.24497867926188402,20.0,115.61766052246094,57.5294189453125,38.32062911987305,7.518604278564453,0.0,84.0,25.0,0.881,-0.046
12.0,21.0,2.932569661744962,21.0,124.15068817138672,73.71045684814453,43.1608772277832,9.337691307067871,0.0,,,,
13.0,11.0,0.08314123439356214,12.0,107.56897735595703,65.17241668701172,23.252735137939453,7.058866500854492,0.0,,,0.021,0.177
13.0,20.0,0.22679884310705348,20.0,115.3202133178711,57.61235809326172,42.72330856323242,7.645223617553711,0.0,84.0,25.0,,
13.0,22.0,0.08314123439356214,22.0,106.07587432861328,46.58966064453125,30.145509719848633,7.14191198348999,0.0,,,,
13.0,23.0,0.5880025328719031,23.0,137.65383911132812,55.76922607421875,30.785863876342773,6.656403064727783,0.0,,,,
13.0,24.0,3.003586580637451,24.0,121.80847930908203,74.22103881835938,45.67269515991211,10.125030517578125,0.0,,,,
14.0,11.0,0.09065988742783065,12.0,108.51640319824219,65.31967163085938,23.35822105407715,6.51857328414917,0.0,,,,
14.0,25.0,0.4636475906407117,20.0,126.30001068115234,60.40000534057617,20.57182502746582,6.7082037925720215,20.0,,,,
14.0,26.0,0.04164258496405126,25.0,104.05371856689453,47.2105712890625,32.18040466308594,6.744147300720215,0.0,,,,
14.0,27.0,0.5880025994509304,26.0,138.42308044433594,56.115379333496094,33.55936050415039,6.933752059936523,0.0,86.0,33.0,0.612,0.039
14.0,28.0,3.0466409738743803,27.0,120.7471923828125,74.59551239013672,49.3481330871582,11.661519050598145,0.0,87.0,29.0,,
14.0,84.0,3.141592653589793,20.0,102.5,56.0,21.0,6.0,20.0,85.0,51.0,0.6,-0.389
15.0,27.0,0.6107259548730042,26.0,138.7181396484375,55.902687072753906,36.619667053222656,7.3730878829956055,0.0,86.0,33.0,,
15.0,29.0,0.19739556394651794,27.0,104.61538696289062,74.42308044433594,27.65237808227539,7.648529529571533,28.0,88.0,49.0,2.046,-1.483
15.0,30.0,3.1093457675305682,28.0,102.47245788574219,47.14604949951172,35.11076736450195,6.835153579711914,0.0,,,,
15.0,31.0,0.4636475906407117,29.0,126.00001525878906,60.00000762939453,21.46625328063965,7.155416965484619,0.0,,,,
15.0,32.0,3.141592653589793,30.0,109.5,65.5,23.0,7.0,0.0,,,,
15.0,84.0,3.141592653589793,20.0,100.0,56.5,24.0,7.0,20.0,85.0,51.0,0.262,-1.028
15.0,87.0,3.030935513977856,27.0,133.51829528808594,72.16464233398438,25.288822174072266,8.171934127807617,28.0,,,1.985,0.16
16.0,29.0,0.38050639785904167,27.0,97.62069702148438,71.44828033447266,37.88185119628906,7.799205303192139,28.0,88.0,49.0,0.47,-0.908
16.0,33.0,0.4636475906407117,26.0,148.30001831054688,61.400001525878906,22.360679626464844,7.602630138397217,27.0,91.0,68.0,0.495,-0.137
16.0,34.0,0.26625207662846423,31.0,115.19615936279297,47.78076934814453,19.733802795410156,7.542698383331299,0.0,,,,
16.0,35.0,2.907849534716574,32.0,89.75321197509766,47.463523864746094,25.431934356689453,6.7169952392578125,0.0,,,0.201,-0.077
16.0,36.0,0.2954408381631939,33.0,124.58824157714844,60.85294723510742,29.407323837280273,6.363961219787598,0.0,,,,
16.0,37.0,0.35877067572722365,34.0,107.24657440185547,64.34246826171875,20.833324432373047,7.490633487701416,0.0,,,-0.367,-0.06
16.0,84.0,2.961739132006545,20.0,94.60399627685547,55.57200241088867,25.31229019165039,6.5293192863464355,20.0,85.0,51.0,0.193,0.197
16.0,86.0,0.9272952478604507,26.0,128.82000732421875,46.760005950927734,23.800004959106445,8.000001907348633,27.0,,,,
16.0,87.0,2.9996955691267906,27.0,134.38998413085938,72.22999572753906,35.21391677856445,7.9195966720581055,28.0,,,1.019,0.101
17.0,29.0,0.4346702008727503,27.0,92.93179321289062,70.14691162109375,40.232322692871094,8.487011909484863,28.0,88.0,49.0,0.991,-0.721
17.0,33.0,0.7188300551059366,26.0,148.56195068359375,58.929203033447266,24.835031509399414,7.243551254272461,27.0,91.0,68.0,0.413,-0.301
17.0,35.0,2.896614057551693,32.0,89.26471710205078,47.55882263183594,26.436382293701172,6.548461437225342,0.0,,,,
17.0,37.0,3.141592653589793,34.0,106.5,65.0,19.0,8.0,0.0,,,0.2,-0.256
17.0,38.0,0.4636475906407117,35.0,115.50001525878906,48.5,21.913463592529297,7.602630138397217,0.0,92.0,54.0,0.447,0.223
17.0,39.0,0.9151007663870323,36.0,128.53160095214844,46.59107208251953,25.607852935791016,7.926239967346191,0.0,,,,
17.0,40.0,0.2551823978861977,37.0,127.52212524414062,61.83185577392578,31.047897338867188,6.478829383850098,0.0,,,,
17.0,84.0,2.9441971562223026,20.0,96.01923370361328,55.096160888671875,26.279560089111328,6.471831321716309,20.0,85.0,51.0,0.396,-0.186
17.0,87.0,3.0244838730790846,27.0,134.77474975585938,72.58531188964844,40.31023025512695,8.354147911071777,28.0,,,0.679,0.103
18.0,29.0,0.4266274876702246,27.0,89.27738952636719,68.9897232055664,45.18727493286133,8.19329833984375,28.0,88.0,49.0,0.893,-0.267
18.0,33.0,0.8621700402475441,26.0,148.12353515625,55.89411926269531,26.899375915527344,7.7010321617126465,27.0,91.0,68.0,0.458,-0.258
18.0,37.0,3.141592653589793,34.0,105.0,65.0,20.0,8.0,0.0,,,0.0,-0.17
18.0,38.0,0.4636475906407117,35.0,116.50001525878906,49.0,24.149532318115234,7.602630138397217,0.0,92.0,54.0,0.551,0.163
18.0,41.0,2.907849534716574,38.0,88.36587524414062,47.43669128417969,28.581974029541016,6.485374450683594,0.0,,,,
18.0,42.0,0.7853981633974483,39.0,130.25001525878906,47.75000762939453,26.870054244995117,7.778173923492432,0.0,,,,
18.0,43.0,0.22679884310705348,40.0,129.11236572265625,62.17976760864258,34.178646087646484,7.04559850692749,0.0,,,,
18.0,84.0,2.9562447643616028,20.0,95.00000762939453,54.99999237060547,28.25757598876953,6.757246017456055,20.0,85.0,51.0,0.566,0.035
18.0,87.0,3.036715638807764,27.0,135.30821228027344,72.6780776977539,43.70589828491211,8.531810760498047,28.0,,,-4.941,-1.975
19.0,29.0,0.4182243489036704,27.0,88.17010498046875,68.24227142333984,49.650428771972656,8.427372932434082,28.0,88.0,49.0,,
19.0,33.0,0.938047561024564,26.0,147.36849975585938,54.229766845703125,29.191862106323242,6.881322383880615,27.0,91.0,68.0,0.41,0.123
19.0,37.0,3.141592653589793,34.0,104.0,65.0,20.0,8.0,0.0,,,0.0,-0.498
19.0,38.0,0.5880025328719031,35.0,117.19229125976562,49.46153259277344,26.9029598236084,7.211102485656738,0.0,92.0,54.0,0.619,0.632
19.0,44.0,2.907849534716574,41.0,87.01073455810547,47.545066833496094,31.26877212524414,6.439050674438477,0.0,94.0,50.0,0.689,-0.093
19.0,45.0,0.7853981633974483,42.0,131.00001525878906,48.50000762939453,30.405588150024414,7.77817440032959,0.0,96.0,53.0,0.446,0.294
19.0,46.0,0.4636475906407117,43.0,120.60001373291016,60.80000686645508,16.099689483642578,5.366563320159912,0.0,,,0.22,0.177
19.0,47.0,3.141592653589793,44.0,138.5,65.0,17.0,4.0,0.0,,,0.4,0.576
19.0,48.0,3.0584512943605544,45.0,147.9862060546875,72.33448791503906,22.339237213134766,6.80972957611084,0.0,98.0,71.0,0.383,0.397
19.0,84.0,2.9849907920098637,20.0,95.37432861328125,54.70405578613281,31.088542938232422,6.810365676879883,20.0,85.0,51.0,0.431,-0.189
19.0,87.0,3.141592653589793,27.0,123.5,73.5,19.0,7.0,28.0,,,0.486,0.056
20.0,33.0,0.8685394560476593,26.0,148.15689086914062,53.86723327636719,31.240116119384766,6.987921237945557,27.0,91.0,68.0,1.53,-1.456
20.0,37.0,3.141592653589793,34.0,102.0,63.5,20.0,7.0,0.0,,,0.418,0.188
20.0,38.0,0.6435010789344459,35.0,119.94001007080078,51.08000564575195,30.0,7.0,0.0,92.0,54.0,2.489,1.506
20.0,44.0,2.9304993203135346,41.0,86.86095428466797,46.85122299194336,34.71199417114258,6.6350884437561035,0.0,94.0,50.0,,
20.0,45.0,0.7266423715846568,42.0,132.0517120361328,49.879310607910156,32.63687515258789,7.391048431396484,0.0,96.0,53.0,2.099,0.35
20.0,46.0,0.6435010789344459,43.0,120.94001007080078,62.08000183105469,17.200000762939453,5.800000190734863,0.0,,,1.12,1.541
20.0,47.0,3.141592653589793,44.0,140.5,67.5,19.0,5.0,0.0,,,1.484,2.086
20.0,48.0,2.896614057551693,45.0,149.29412841796875,74.17647552490234,24.25356101989746,6.790997505187988,0.0,98.0,71.0,1.576,1.329
20.0,49.0,0.2606024134024565,27.0,102.24896240234375,74.06639862060547,27.18341064453125,7.472216606140137,29.0,,,,
20.0,84.0,3.0172376780690877,20.0,94.4307861328125,54.44615936279297,33.241310119628906,6.945944786071777,20.0,85.0,51.0,,
20.0,87.0,0.2782996847677647,27.0,123.88680267333984,73.39622497558594,21.428245544433594,7.1427483558654785,28.0,,,1.654,0.871
20.0,88.0,0.558599303645638,27.0,74.13482666015625,62.58427429199219,27.983943939208984,7.419985771179199,29.0,89.0,56.0,1.916,0.12
21.0,33.0,0.7853981633974483,26.0,142.50001525878906,48.0,38.890869140625,6.363960266113281,27.0,91.0,68.0,0.849,-0.411
21.0,37.0,0.07677189349485254,34.0,102.94117736816406,63.764705657958984,22.088592529296875,6.749292373657227,0.0,,,-0.213,-0.09
21.0,38.0,0.8042637968224879,35.0,126.02919006347656,55.953392028808594,42.44553756713867,6.2961320877075195,0.0,92.0,54.0,,
21.0,45.0,0.7853981633974483,42.0,133.5,51.0,43.133514404296875,4.949747085571289,0.0,96.0,53.0,,
21.0,46.0,0.6747409572064841,43.0,127.19514465332031,66.75611114501953,22.801372528076172,5.934603214263916,0.0,,,0.561,0.113
21.0,47.0,2.6224464835970247,44.0,149.59230041503906,72.66153717041016,26.419395446777344,5.457526683807373,0.0,,,0.556,0.337
21.0,48.0,2.574863451505443,45.0,153.57647705078125,80.4058837890625,32.135833740234375,7.4395599365234375,0.0,98.0,71.0,0.536,0.424
21.0,50.0,3.064820643581643,41.0,74.00881958007812,48.11471176147461,24.08270263671875,5.4454522132873535,44.0,99.0,78.0,0.421,-1.134
21.0,51.0,0.1243550004878402,20.0,107.06924438476562,53.44615936279297,20.341697692871094,5.581562519073486,84.0,100.0,67.0,0.359,-0.342
21.0,52.0,0.5337082349647805,46.0,111.81853485107422,78.9609603881836,35.337120056152344,8.648397445678711,0.0,101.0,57.0,0.981,0.504
21.0,85.0,3.141592653589793,20.0,83.0,56.0,20.0,6.0,84.0,,,0.505,-0.595
21.0,87.0,0.7853981633974483,27.0,126.50001525878906,77.50000762939453,29.698484420776367,7.071067810058594,28.0,,,,
21.0,88.0,0.4636475906407117,27.0,74.40000915527344,63.20000457763672,37.565940856933594,8.049844741821289,29.0,89.0,56.0,0.995,-0.336
21.0,94.0,3.141592653589793,41.0,99.5,46.0,21.0,6.0,44.0,95.0,79.0,0.2,-0.272
22.0,33.0,0.7853981633974483,26.0,140.75001525878906,46.75000762939453,43.133514404296875,5.656852722167969,27.0,91.0,68.0,0.849,-0.537
22.0,37.0,0.0624188117670057,34.0,102.42218780517578,63.74514389038086,21.021482467651367,6.674476623535156,0.0,,,-0.004,0.04
22.0,46.0,0.6947382343577256,43.0,127.49180603027344,67.40983581542969,25.607376098632812,5.633623123168945,0.0,,,,
22.0,47.0,2.49809150807632,44.0,151.3800048828125,72.83999633789062,29.200000762939453,5.0,0.0,,,0.524,0.216
22.0,48.0,2.4837040466032763,45.0,156.2147216796875,79.92497253417969,34.8165397644043,6.905759811401367,0.0,98.0,71.0,0.673,0.258
22.0,50.0,0.058755825102305065,41.0,69.03793334960938,45.35517501831055,26.190021514892578,5.754758358001709,44.0,99.0,78.0,0.583,-0.758
22.0,51.0,0.058755825102305065,20.0,105.05000305175781,53.650001525878906,22.138202667236328,5.637314319610596,84.0,100.0,67.0,0.372,-0.378
22.0,52.0,0.5779019618055595,46.0,113.91777801513672,80.35942077636719,40.241729736328125,8.995210647583008,0.0,101.0,57.0,,
22.0,53.0,0.7853981633974483,42.0,142.50001525878906,60.0,19.091880798339844,4.949747085571289,45.0,102.0,80.0,0.566,-0.131
22.0,54.0,0.7853981633974483,35.0,135.75,64.75,20.50609588623047,4.242640972137451,38.0,,,0.433,0.079
22.0,55.0,0.7853981633974483,47.0,126.75001525878906,77.75000762939453,33.23401641845703,7.0710673332214355,0.0,,,,
22.0,85.0,0.1651486612425367,20.0,79.8648681640625,55.31080627441406,22.522661209106445,6.247161388397217,84.0,,,0.324,-0.341
22.0,88.0,0.5232783307401351,27.0,73.20032501220703,62.01942443847656,42.54303741455078,7.895615577697754,29.0,89.0,56.0,,
22.0,92.0,0.9272951812814234,35.0,117.36000061035156,46.980003356933594,23.600004196166992,5.40000057220459,38.0,93.0,66.0,0.682,-0.439
22.0,94.0,3.141592653589793,41.0,98.0,46.0,22.0,6.0,44.0,95.0,79.0,0.656,-0.326
22.0,96.0,0.8621699736685168,42.0,123.8353042602539,42.141178131103516,25.597793579101562,4.989400386810303,45.0,97.0,72.0,0.439,-0.542
23.0,33.0,0.7853981633974483,26.0,138.50001525878906,45.00000762939453,47.37614822387695,6.363961219787598,27.0,91.0,68.0,0.99,-0.315
23.0,37.0,3.141592653589793,34.0,102.5,64.0,21.0,6.0,0.0,,,0.0,-0.275
23.0,47.0,2.356194490192345,44.0,152.50001525878906,73.00000762939453,31.819805145263672,4.949747085571289,0.0,,,,
23.0,48.0,2.356194490192345,45.0,157.75001525878906,79.75,38.18376159667969,6.363960266113281,0.0,98.0,71.0,0.351,0.339
23.0,50.0,0.24497867926188402,41.0,65.97059631347656,43.11764907836914,29.10427474975586,6.063390731811523,44.0,99.0,78.0,0.563,-0.92
23.0,51.0,3.141592653589793,20.0,103.0,53.5,24.0,5.0,84.0,100.0,67.0,0.4,-0.177
23.0,53.0,0.7853981633974483,42.0,142.00001525878906,59.5,21.920310974121094,4.949747085571289,45.0,102.0,80.0,0.579,-0.024
23.0,54.0,0.7378149981478117,35.0,136.09275817871094,64.94796752929688,22.669069290161133,4.910510540008545,38.0,,,,
23.0,56.0,0.3217505727567366,27.0,81.4000015258789,66.30000305175781,19.28989028930664,7.273237705230713,88.0,,,0.59,-0.177
23.0,57.0,0.7853981633974483,46.0,123.75000762939453,86.75,21.920310974121094,7.071067810058594,52.0,103.0,81.0,0.566,0.545
23.0,58.0,0.7022568707472373,48.0,128.36033630371094,68.07414245605469,29.06740379333496,5.637314796447754,0.0,104.0,69.0,0.587,0.275
23.0,59.0,0.8076167832139248,49.0,127.71520233154297,79.3158950805664,36.82331085205078,6.943645477294922,0.0,,,,
23.0,85.0,0.3805063312800144,20.0,78.00000762939453,54.999996185302734,24.14039421081543,5.570859909057617,84.0,,,-0.18,-0.161
23.0,89.0,0.7188300551059366,27.0,59.933631896972656,53.00442123413086,24.17652702331543,6.302829742431641,88.0,90.0,76.0,0.282,-0.573
23.0,92.0,0.8621700402475441,35.0,115.7176513671875,45.17058563232422,27.007843017578125,5.206331253051758,38.0,93.0,66.0,0.69,-0.435
23.0,94.0,3.036715638807764,41.0,96.27261352539062,45.83973693847656,25.281375885009766,6.752169132232666,44.0,95.0,79.0,0.431,-0.38
23.0,96.0,0.8884798081306003,42.0,121.76353454589844,39.78588104248047,27.794580459594727,5.238769054412842,45.0,97.0,72.0,0.536,-0.517
23.0,101.0,0.24497867926188402,46.0,103.4411849975586,74.23529815673828,19.887920379638672,6.5484619140625,52.0,,,0.437,0.177
24.0,33.0,0.7853981633974483,26.0,137.25001525878906,43.75000762939453,52.32590103149414,6.363960266113281,27.0,91.0,68.0,0.99,-0.314
24.0,37.0,3.141592653589793,34.0,101.5,63.0,21.0,6.0,0.0,,,0.004,-0.158
24.0,48.0,2.2694561990158184,45.0,159.06707763671875,80.89634704589844,39.93916702270508,7.258882999420166,0.0,98.0,71.0,0.787,0.422
24.0,50.0,0.30587886502916406,41.0,61.826194763183594,41.050376892089844,31.919923782348633,6.223381519317627,44.0,99.0,78.0,0.758,-0.634
24.0,51.0,3.141592653589793,20.0,102.0,53.5,26.0,5.0,84.0,100.0,67.0,0.629,-0.045
24.0,53.0,0.7419472920532332,42.0,141.79055786132812,59.68301010131836,24.817522048950195,4.975790023803711,45.0,102.0,80.0,0.836,0.09
24.0,56.0,0.35877067572722365,27.0,80.26712036132812,66.28767395019531,22.237817764282227,7.607674598693848,88.0,,,0.372,-1.027
24.0,57.0,0.7853981633974483,46.0,125.50001525878906,89.00000762939453,24.748737335205078,7.77817440032959,52.0,103.0,81.0,0.735,-0.072
24.0,58.0,0.7044940592209583,48.0,129.5486297607422,68.76632690429688,32.00144958496094,6.171708106994629,0.0,104.0,69.0,0.529,0.44
24.0,60.0,0.7140906270510043,50.0,136.91751098632812,65.59516906738281,24.937740325927734,5.239444255828857,0.0,,,,
24.0,61.0,2.2513176085683706,51.0,154.1007080078125,73.58151245117188,34.827972412109375,5.403702735900879,0.0,,,-3.811,0.259
24.0,62.0,0.8050035563942847,52.0,128.46885681152344,80.08761596679688,40.36665344238281,6.931087493896484,0.0,,,,
24.0,85.0,0.4048917988279203,20.0,77.1637954711914,54.78449249267578,23.241243362426758,5.777483940124512,84.0,,,-0.355,-0.087
24.0,89.0,0.7188300551059366,27.0,57.55752182006836,51.36283493041992,25.587608337402344,6.396902084350586,88.0,90.0,76.0,0.543,-1.453
24.0,92.0,0.8176449828776455,35.0,114.0499038696289,43.453216552734375,30.458179473876953,5.745105266571045,38.0,93.0,66.0,0.697,-0.228
24.0,94.0,2.9996955691267906,41.0,94.239990234375,45.68000030517578,27.435747146606445,6.505383014678955,44.0,95.0,79.0,0.525,-0.06
24.0,96.0,0.8760580258581437,42.0,119.70491790771484,37.74590301513672,30.472774505615234,5.24951171875,45.0,97.0,72.0,0.835,-0.616
24.0,101.0,0.24497867926188402,46.0,104.58824157714844,74.14706420898438,22.070741653442383,6.305926322937012,52.0,,,0.786,-0.496
25.0,33.0,0.7853981633974483,26.0,136.00001525878906,42.50000762939453,57.27565002441406,6.363961219787598,27.0,91.0,68.0,,
25.0,37.0,0.07130746144503824,34.0,100.37055969238281,63.31218719482422,21.017879486083984,5.842257976531982,0.0,,,0.308,-0.103
25.0,48.0,2.1353657052351926,45.0,161.04676818847656,81.6629638671875,43.874271392822266,7.772335052490234,0.0,98.0,71.0,,
25.0,50.0,0.3487710051766805,41.0,58.94160461425781,39.66058349609375,35.7121467590332,6.578554153442383,44.0,99.0,78.0,2.159,-0.622
25.0,51.0,0.07982998472983371,20.0,101.55087280273438,53.86406707763672,29.146881103515625,6.260000705718994,84.0,100.0,67.0,,
25.0,53.0,0.8224182996574491,42.0,141.88491821289062,60.606842041015625,28.997684478759766,4.763157844543457,45.0,102.0,80.0,1.744,-0.071
25.0,56.0,0.43240781223721436,27.0,75.51463317871094,63.96828842163086,24.09584617614746,7.0541462898254395,88.0,,,2.535,-0.4
25.0,57.0,0.6947382343577256,46.0,125.40983581542969,88.5082015991211,28.4241886138916,7.682212829589844,52.0,103.0,81.0,2.387,0.991
25.0,58.0,0.7853981633974483,48.0,131.25001525878906,70.25000762939453,34.64822769165039,5.656853675842285,0.0,104.0,69.0,,
25.0,61.0,2.2455372840013803,51.0,150.0731658935547,84.15853881835938,15.773550987243652,4.685213088989258,0.0,,,0.805,0.312
25.0,63.0,2.0647377410199095,53.0,160.04586791992188,66.48624420166016,18.828536987304688,5.282826900482178,0.0,105.0,82.0,1.548,-0.336
25.0,64.0,0.7853981633974483,54.0,138.00001525878906,67.5,27.577163696289062,4.949747085571289,0.0,,,0.209,0.414
25.0,65.0,0.8519663382679872,55.0,129.21240234375,80.81416320800781,45.53089141845703,6.396902561187744,0.0,106.0,70.0,,
25.0,85.0,0.507098528563954,20.0,76.5943374633789,54.83018493652344,21.465415954589844,5.147814750671387,84.0,,,0.694,-0.486
25.0,89.0,0.558599303645638,27.0,51.63483428955078,47.08427429199219,28.301944732666016,6.6779866218566895,88.0,90.0,76.0,2.198,-1.954
25.0,92.0,0.7853981633974483,35.0,113.00001525878906,43.000003814697266,33.941123962402344,5.656854152679443,38.0,93.0,66.0,,
25.0,94.0,3.0548542958342395,41.0,93.81427001953125,45.863975524902344,30.060476303100586,6.713795185089111,44.0,95.0,79.0,2.455,0.245
25.0,96.0,0.7853981633974483,42.0,117.25001525878906,35.249996185302734,34.64822769165039,5.656853675842285,45.0,97.0,72.0,2.667,-1.902
25.0,101.0,3.141592653589793,46.0,102.0,73.5,26.0,7.0,52.0,,,1.826,-0.359
26.0,37.0,0.24497867926188402,34.0,100.23529815673828,62.55883026123047,22.55581283569336,7.761139392852783,0.0,,,0.0,0.0
26.0,50.0,0.11848995410867232,41.0,56.93292236328125,37.063446044921875,46.50495147705078,7.092772960662842,44.0,99.0,78.0,0.745,-0.078
26.0,53.0,0.982793660764939,42.0,141.46153259277344,60.69230651855469,37.71961212158203,4.992300987243652,45.0,102.0,80.0,1.127,-0.359
26.0,56.0,0.7853981633974483,27.0,71.5,65.5,36.76955032348633,7.071067810058594,88.0,,,,
26.0,57.0,0.8353565354442992,46.0,127.45574951171875,94.13529968261719,40.36072540283203,8.898428916931152,52.0,103.0,81.0,0.731,0.173
26.0,61.0,2.356194490192345,51.0,151.25001525878906,85.25,19.798988342285156,4.949747085571289,0.0,,,0.809,0.172
26.0,63.0,1.9237867112446443,53.0,160.3878173828125,61.090240478515625,26.569927215576172,7.506744861602783,0.0,105.0,82.0,0.377,-0.094
26.0,64.0,1.0121970231492585,54.0,138.7303466796875,70.66854858398438,28.619945526123047,5.617988586425781,0.0,,,0.007,0.102
26.0,66.0,0.6202494189311275,35.0,122.20270538330078,47.71621322631836,19.99459457397461,5.114895820617676,92.0,,,-0.449,-0.035
26.0,67.0,3.141592653589793,20.0,87.0,54.0,18.0,6.0,51.0,,,0.4,-0.275
26.0,68.0,0.5516549779452019,26.0,116.72531127929688,24.946348190307617,35.50760269165039,6.354681491851807,33.0,,,0.784,-0.595
26.0,69.0,0.982793660764939,48.0,135.49998474121094,79.49999237060547,15.808955192565918,5.269651412963867,58.0,,,0.506,0.461
26.0,70.0,1.016488906983003,55.0,141.98114013671875,98.39262390136719,31.581275939941406,7.085543155670166,65.0,,,0.562,0.9
26.0,71.0,2.356194490192345,45.0,157.50001525878906,91.50000762939453,16.970561981201172,5.656853675842285,48.0,,,0.837,0.123
26.0,85.0,0.856705633164865,20.0,73.38578033447266,55.09898376464844,24.937740325927734,5.289823532104492,84.0,,,0.256,-0.157
26.0,89.0,0.2691674723632876,27.0,42.0,43.0,39.2910041809082,7.645458221435547,88.0,90.0,76.0,0.876,-0.602
26.0,91.0,0.9652515518226414,26.0,145.20201110839844,51.01399230957031,36.30294418334961,7.020255088806152,33.0,,,,
26.0,93.0,0.6287962352384916,35.0,100.04865264892578,34.30811309814453,24.40912437438965,6.322845935821533,92.0,,,-0.141,0.264
26.0,94.0,0.07677189349485254,41.0,95.16175842285156,45.89705276489258,42.336463928222656,7.286167144775391,44.0,95.0,79.0,-0.226,-0.569
26.0,96.0,0.5880025328719031,42.0,109.1153793334961,29.076921463012695,47.981571197509766,6.656403064727783,45.0,97.0,72.0,,
26.0,98.0,1.7894652714632377,45.0,166.5235137939453,70.39411926269531,23.320026397705078,5.965588569641113,48.0,,,0.284,-0.02
26.0,100.0,0.19739556394651794,20.0,107.82691955566406,55.36538314819336,16.669872283935547,5.4912519454956055,51.0,,,0.266,0.131
26.0,101.0,0.21109333327625876,46.0,100.59756469726562,72.3780517578125,35.131046295166016,8.730379104614258,52.0,,,,
26.0,104.0,0.9827937939229934,48.0,125.5384521484375,61.80768585205078,18.027755737304688,5.54700231552124,58.0,,,0.144,0.221
26.0,106.0,1.071449561084377,55.0,122.60509490966797,72.44267272949219,25.61859130859375,6.384695053100586,65.0,,,0.601,0.299
27.0,37.0,0.24497867926188402,34.0,100.23529815673828,62.55883026123047,22.55581283569336,7.761139392852783,0.0,,,-0.111,0.622
27.0,50.0,0.07130746144503824,41.0,56.860408782958984,36.454315185546875,50.22917175292969,8.193410873413086,44.0,99.0,78.0,1.206,-0.535
27.0,53.0,1.0121970231492585,42.0,140.48876953125,58.38201904296875,43.35390853881836,5.299988746643066,45.0,102.0,80.0,0.896,0.169
27.0,57.0,0.8441539552102396,46.0,127.43447875976562,95.61380004882812,44.01410675048828,8.304548263549805,52.0,103.0,81.0,1.112,0.392
27.0,61.0,2.1763410351881243,51.0,152.00601196289062,85.65801239013672,23.843568801879883,4.933152675628662,0.0,,,0.511,0.483
27.0,63.0,1.9100889752044168,53.0,161.03538513183594,57.98307418823242,28.456119537353516,7.266571998596191,0.0,105.0,82.0,0.469,-0.099
27.0,64.0,1.0636978315204562,54.0,139.1509552001953,70.97169494628906,28.652929306030273,5.53632926940918,0.0,,,0.069,-0.121
27.0,66.0,0.5880025994509304,35.0,122.23075866699219,47.15385055541992,17.75040626525879,4.992301940917969,92.0,,,0.499,0.106
27.0,67.0,3.141592653589793,20.0,86.0,53.0,20.0,6.0,51.0,,,0.386,-0.372
27.0,68.0,0.49934669913149227,26.0,113.80890655517578,24.35031509399414,39.42549133300781,6.2250776290893555,33.0,,,0.974,-0.744
27.0,69.0,1.0121970231492585,48.0,136.81460571289062,81.80335998535156,18.337963104248047,5.405989646911621,58.0,,,0.271,0.633
27.0,70.0,0.9827937939229934,55.0,144.46153259277344,102.6922836303711,34.39141082763672,7.211102485656738,65.0,,,0.529,0.165
27.0,71.0,2.1910458123050516,45.0,157.2364959716797,93.16891479492188,21.15707015991211,6.1611247062683105,48.0,,,0.51,0.574
27.0,72.0,0.5404195007803211,42.0,114.41175842285156,34.147056579589844,24.181299209594727,4.973458766937256,96.0,,,-0.445,-0.048
27.0,73.0,1.008874796268412,56.0,145.5913543701172,50.49803161621094,37.51633071899414,6.738522052764893,0.0,,,1.082,-0.069
27.0,74.0,0.21109333327625876,57.0,101.01707458496094,72.25365447998047,34.36277770996094,8.311321258544922,0.0,,,0.651,0.154
27.0,75.0,0.7399748883708933,58.0,71.51701354980469,66.12423706054688,40.48827362060547,8.155448913574219,0.0,107.0,77.0,,
27.0,85.0,0.8176449828776455,20.0,72.41683959960938,55.077964782714844,26.217742919921875,5.973085403442383,84.0,,,0.564,-0.302
27.0,89.0,0.30092022552700465,27.0,38.69252014160156,41.990779876708984,43.66948318481445,8.332111358642578,88.0,90.0,76.0,,
27.0,93.0,0.4636475906407117,35.0,101.10000610351562,35.30000305175781,23.702320098876953,5.813776969909668,92.0,,,0.179,-0.361
27.0,94.0,0.052583058781556925,41.0,92.5966796875,44.66298294067383,41.20612716674805,6.727530479431152,44.0,95.0,79.0,2.191,0.489
27.0,97.0,0.7853981633974483,42.0,89.75000762939453,19.75,24.748737335205078,8.485280990600586,96.0,,,0.474,-0.121
27.0,98.0,1.8157750060567805,45.0,167.00001525878906,69.0,24.73863410949707,6.305926322937012,48.0,,,0.535,-0.059
27.0,100.0,3.141592653589793,20.0,109.0,54.5,18.0,7.0,51.0,,,0.701,-1.114
27.0,104.0,1.0636978315204562,48.0,126.5943374633789,62.16981506347656,18.74581527709961,5.730586528778076,58.0,,,0.348,0.482
27.0,106.0,1.1071487694436986,55.0,123.60000610351562,73.70001220703125,28.621667861938477,5.813776969909668,65.0,,,0.813,-0.125
28.0,37.0,3.141592653589793,34.0,103.0,64.0,22.0,8.0,0.0,,,-0.479,0.293
28.0,50.0,0.059928152775347146,41.0,54.907928466796875,34.53447723388672,56.25882339477539,8.424848556518555,44.0,99.0,78.0,,
28.0,53.0,1.0873492985824227,42.0,141.34222412109375,58.53282165527344,47.833621978759766,5.555870532989502,45.0,102.0,80.0,,
28.0,57.0,0.8270406817824723,46.0,128.1932373046875,97.86221313476562,49.57231140136719,8.890046119689941,52.0,103.0,81.0,,
28.0,61.0,2.0152155614700997,51.0,153.46119689941406,87.98152160644531,26.397920608520508,5.718116760253906,0.0,,,0.775,0.653
28.0,63.0,1.8157750060567805,53.0,160.91177368164062,56.85293960571289,30.802024841308594,6.5484619140625,0.0,105.0,82.0,0.44,-0.073
28.0,64.0,1.1760051989018607,54.0,138.825439453125,70.28106689453125,29.000003814697266,5.461539268493652,0.0,,,-0.085,0.096
28.0,66.0,0.5880025328719031,35.0,122.88460540771484,46.92308044433594,20.246559143066406,5.547001838684082,92.0,,,0.606,-0.045
28.0,67.0,0.4182243489036704,20.0,83.71134185791016,53.14948272705078,21.93147850036621,6.39668083190918,51.0,,,0.325,-0.278
28.0,68.0,0.49934669913149227,26.0,110.3280258178711,22.815284729003906,44.2938232421875,6.384695529937744,33.0,,,0.816,-0.03
28.0,69.0,0.9827937939229934,48.0,138.46151733398438,85.19229888916016,19.691856384277344,5.547001838684082,58.0,,,0.197,1.033
28.0,70.0,0.844154021789267,55.0,143.472412109375,105.46896362304688,37.03828430175781,7.224957466125488,65.0,,,0.684,-0.065
28.0,71.0,2.0607536853186645,45.0,159.01902770996094,95.77682495117188,23.705883026123047,6.529411792755127,48.0,,,0.384,0.905
28.0,72.0,0.5191461367032545,42.0,114.19232177734375,34.0384635925293,21.954145431518555,5.333493709564209,96.0,,,0.446,0.737
28.0,73.0,1.0612041140547332,56.0,145.7257843017578,49.03559875488281,42.92828369140625,7.548394203186035,0.0,,,0.63,0.385
28.0,74.0,0.2606023801129429,57.0,101.70125579833984,72.62034606933594,37.61874771118164,8.567282676696777,0.0,,,1.049,0.484
28.0,76.0,3.141592653589793,27.0,48.0,44.5,20.0,7.0,89.0,,,0.67,-0.477
28.0,77.0,0.5880025328719031,58.0,80.57691192626953,73.88461303710938,20.246559143066406,7.488452911376953,75.0,,,0.613,0.11
28.0,85.0,0.8139618976690932,20.0,70.92740631103516,54.54078674316406,29.040136337280273,5.856495380401611,84.0,,,0.435,-0.504
28.0,90.0,0.49934669913149227,27.0,23.80573272705078,36.43948745727539,24.182035446166992,7.023165225982666,89.0,,,,
28.0,93.0,0.4636475906407117,35.0,99.40000915527344,34.70000457763672,24.59674835205078,5.366562843322754,92.0,,,0.716,-0.628
28.0,94.0,0.18919901990152657,41.0,94.86746978759766,45.58100509643555,52.15871047973633,7.8363447189331055,44.0,95.0,79.0,,
28.0,97.0,0.7086263531263798,42.0,89.04705810546875,20.111766815185547,27.116308212280273,8.351823806762695,96.0,,,0.651,0.287
28.0,98.0,1.6951513272827368,45.0,166.86923217773438,68.54615783691406,27.41167449951172,6.325770854949951,48.0,,,0.364,0.075
28.0,100.0,0.3217505727567366,20.0,103.0,53.999996185302734,21.50348663330078,5.692099571228027,51.0,,,0.298,-1.608
28.0,104.0,1.1659044946774626,48.0,128.48277282714844,63.79310989379883,20.483808517456055,4.727032661437988,58.0,,,0.286,0.669
28.0,106.0,1.138388447978655,55.0,123.64389038085938,72.3951187133789,32.68653869628906,5.727128505706787,65.0,,,0.731,-0.63
28.0,107.0,0.9151006998080051,58.0,62.418216705322266,58.293678283691406,22.193471908569336,6.280021667480469,75.0,,,0.399,-0.378
29.0,37.0,0.3217505727567366,34.0,104.60000610351562,64.20001220703125,19.60611915588379,8.854375839233398,0.0,,,0.321,-0.632
29.0,61.0,1.7942729097315897,51.0,156.2563934326172,89.67191314697266,30.273439407348633,5.673500061035156,0.0,,,0.488,0.495
29.0,63.0,1.5707963267948966,53.0,161.0,55.5,33.0,6.0,0.0,105.0,82.0,,
29.0,64.0,1.2036224457220914,54.0,139.0,71.0,28.574731826782227,5.456480979919434,0.0,,,0.104,-0.158
29.0,66.0,0.6055447083932277,35.0,122.52201080322266,47.245994567871094,23.27435874938965,5.50236177444458,92.0,,,0.629,-0.815
29.0,67.0,0.6947382343577256,20.0,81.5,54.0,23.558786392211914,6.017733573913574,51.0,,,0.379,-0.513
29.0,68.0,0.5123894307016145,26.0,110.21365356445312,22.62017822265625,48.372440338134766,6.318922519683838,33.0,,,0.756,-0.229
29.0,69.0,0.844154021789267,48.0,141.6896514892578,89.77586364746094,20.678325653076172,5.148819923400879,58.0,,,0.413,0.468
29.0,70.0,0.8685394560476593,55.0,143.41722106933594,104.99310302734375,40.45947265625,6.75303316116333,65.0,,,0.69,-0.179
29.0,71.0,1.9100889419149032,45.0,162.20616149902344,99.24923706054688,25.627145767211914,6.545462131500244,48.0,,,0.561,0.537
29.0,72.0,0.507098528563954,42.0,117.38208770751953,36.2122688293457,24.185016632080078,5.633457183837891,96.0,,,0.196,0.606
29.0,73.0,1.1186424400762625,56.0,146.99110412597656,51.27576446533203,46.08052444458008,7.350266933441162,0.0,,,0.81,0.04
29.0,74.0,0.3671738144937779,57.0,103.28092193603516,74.56958770751953,42.86210250854492,7.610355854034424,0.0,,,0.902,0.076
29.0,76.0,2.863292985466785,27.0,44.26415252685547,44.92452621459961,23.351295471191406,6.868027210235596,89.0,,,0.678,-0.272
29.0,77.0,0.507098528563954,58.0,81.81132507324219,73.3396224975586,23.31085968017578,6.993257999420166,75.0,,,0.447,0.695
29.0,78.0,3.0860941075272503,41.0,70.43384552001953,33.30923080444336,27.124839782714844,6.767342567443848,50.0,,,0.604,-0.167
29.0,79.0,0.08314121774880533,41.0,80.0241470336914,41.71034622192383,28.23546600341797,4.899683952331543,94.0,,,0.449,-0.198
29.0,80.0,1.1071487694436986,42.0,137.40000915527344,50.30000305175781,25.043960571289062,4.919349670410156,53.0,,,0.447,0.446
29.0,81.0,0.4636475906407117,46.0,116.60001373291016,89.30000305175781,27.280029296875,8.049844741821289,57.0,,,0.546,-0.121
29.0,85.0,0.8353565354442992,20.0,69.01808166503906,52.888397216796875,31.215120315551758,5.5438618659973145,84.0,,,0.472,-0.622
29.0,93.0,0.49394138093549933,35.0,96.48394775390625,33.529815673828125,28.17507553100586,6.163298606872559,92.0,,,0.533,-1.214
29.0,95.0,0.42285388827412324,41.0,109.90228271484375,48.60602951049805,28.13277816772461,6.018681526184082,94.0,,,0.457,0.444
29.0,97.0,0.652846643831752,42.0,90.34716796875,20.853717803955078,30.37250518798828,7.943578720092773,96.0,,,0.582,0.265
29.0,98.0,1.6262948312455472,45.0,167.275390625,68.54307556152344,29.23270034790039,5.9352922439575195,48.0,,,0.579,-0.099
29.0,99.0,3.141592653589793,41.0,33.0,34.5,40.0,13.0,50.0,,,0.0,0.0
29.0,100.0,0.21866896131309815,20.0,94.84706115722656,52.188232421875,22.99462890625,5.857122898101807,51.0,,,0.206,-1.26
29.0,102.0,1.3134726475237344,42.0,148.8614044189453,76.27332305908203,24.27865982055664,5.1916632652282715,53.0,,,0.48,0.627
29.0,103.0,0.8685394560476593,46.0,137.30516052246094,109.5879135131836,25.602802276611328,6.048368453979492,57.0,,,0.564,0.56
29.0,104.0,1.1071487694436986,48.0,130.30001831054688,67.60000610351562,21.913467407226562,5.366562843322754,58.0,,,0.178,0.069
29.0,106.0,0.9917220414774841,55.0,121.4699478149414,69.86581420898438,36.34379577636719,6.212889671325684,65.0,,,0.803,-0.695
29.0,107.0,0.8621700402475441,58.0,60.8705940246582,57.18235778808594,24.1877498626709,6.507914066314697,75.0,,,0.468,0.195
30.0,37.0,0.7853981633974483,34.0,101.00001525878906,64.00000762939453,21.21320343017578,8.485280990600586,0.0,,,,
30.0,61.0,1.7359450046821898,51.0,157.7432403564453,92.04054260253906,32.715396881103516,5.753964424133301,0.0,,,,
30.0,64.0,1.2490457207486463,54.0,138.95001220703125,69.35000610351562,29.092952728271484,4.743415832519531,0.0,,,,
30.0,66.0,0.5280745174157997,35.0,118.31864929199219,46.810874938964844,26.417234420776367,6.262396335601807,92.0,,,,
30.0,67.0,0.7853981633974483,20.0,79.25000762939453,52.75,25.45584487915039,4.949747085571289,51.0,,,,
30.0,68.0,0.5585993702246652,26.0,109.2528076171875,21.59550666809082,52.15189743041992,6.253987789154053,33.0,,,,
30.0,69.0,0.8379812138566268,48.0,143.11050415039062,91.90055084228516,22.744800567626953,5.351717948913574,58.0,,,,
30.0,70.0,0.8831250567058052,55.0,142.91583251953125,104.15841674804688,43.907405853271484,5.79544734954834,65.0,,,,
30.0,71.0,1.8490959782731475,45.0,164.42453002929688,100.76414489746094,28.43363380432129,6.730666637420654,48.0,,,,
30.0,72.0,0.5123894307016145,42.0,119.9139404296875,38.264095306396484,25.1667423248291,5.7741875648498535,96.0,,,,
30.0,73.0,1.1273480473636224,56.0,147.33555603027344,50.89061737060547,50.131893157958984,7.8810954093933105,0.0,,,,
30.0,74.0,0.3883187476272755,57.0,103.57965087890625,74.80531311035156,47.37118148803711,6.773321628570557,0.0,,,,
30.0,76.0,2.761086322309779,27.0,41.034481048583984,46.086204528808594,26.740127563476562,6.8707275390625,89.0,,,,
30.0,77.0,0.5123894972806416,58.0,84.26557922363281,75.80563354492188,25.548057556152344,7.462865829467773,75.0,,,,
30.0,78.0,0.04345089631135028,41.0,71.09716796875,29.765094757080078,30.14543342590332,7.601513862609863,50.0,,,,
30.0,79.0,0.11065722283572099,41.0,80.06097412109375,39.45122146606445,30.47910499572754,5.079851150512695,94.0,,,,
30.0,80.0,1.1071487694436986,42.0,139.3000030517578,51.599998474121094,27.280029296875,5.366562843322754,53.0,,,,
30.0,81.0,0.49934676571051956,46.0,115.22927856445312,90.0796127319336,30.008068084716797,8.060678482055664,57.0,,,,
30.0,82.0,1.4181469957468082,53.0,160.10116577148438,63.407508850097656,19.235233306884766,4.789802074432373,63.0,,,,
30.0,85.0,0.8960554361674398,20.0,66.81707763671875,50.64634704589844,33.57735824584961,5.15373420715332,84.0,,,,
30.0,93.0,0.5633162279893591,35.0,91.35743713378906,29.725746154785156,30.838096618652344,6.274417877197266,92.0,,,,
30.0,95.0,0.6510767069712853,41.0,111.25753784179688,51.00574493408203,30.415794372558594,5.681654930114746,94.0,,,,
30.0,97.0,0.5880025328719031,42.0,91.84614562988281,20.230770111083984,33.282012939453125,5.547001838684082,96.0,,,,
30.0,98.0,1.5337761239558685,45.0,167.36988830566406,66.9863052368164,32.126121520996094,5.847842693328857,48.0,,,,
30.0,99.0,3.141592653589793,41.0,33.0,34.5,40.0,13.0,50.0,,,,
30.0,100.0,0.2606024134024565,20.0,89.32572937011719,49.153533935546875,24.027042388916016,6.183903694152832,51.0,,,,
30.0,102.0,1.3633001252030077,42.0,150.03317260742188,80.78250122070312,26.67835807800293,4.995754241943359,53.0,,,,
30.0,103.0,0.8960554361674398,46.0,138.87806701660156,112.09756469726562,28.42362403869629,6.246950626373291,57.0,,,,
30.0,104.0,1.2277723899610935,48.0,130.15158081054688,68.62443542480469,22.803606033325195,5.51591682434082,58.0,,,,
30.0,105.0,1.5707963267948966,53.0,159.0,42.5,9.0,4.0,63.0,,,,
30.0,106.0,0.8519663382679872,55.0,118.42036437988281,68.19469451904297,40.35692596435547,5.456181526184082,65.0,,,,
30.0,107.0,0.8850668340356093,58.0,61.227725982666016,58.22277069091797,26.525625228881836,7.247053623199463,75.0,,,,
