Cell_lable,NumberOfDivision
1,107
2,3
3,1
4,1
5,79
6,2
7,NaN
8,NaN
9,NaN
10,NaN
11,89
12,1
13,NaN
14,NaN
15,2
16,71
17,37
18,39
19,5
20,3
21,NaN
22,NaN
23,NaN
24,NaN
25,NaN
26,7
27,96
28,NaN
29,1
30,NaN
31,NaN
32,NaN
33,NaN
34,128
35,NaN
36,1
37,NaN
38,212
39,NaN
40,114
41,NaN
42,147
43,NaN
44,NaN
45,NaN
46,NaN
47,NaN
48,NaN
49,NaN
50,NaN
51,NaN
52,NaN
53,NaN
54,NaN
55,NaN
56,NaN
57,NaN
58,NaN
59,NaN
60,115
61,NaN
62,1
63,8
64,NaN
65,NaN
66,30
67,45
68,NaN
69,8
70,1
71,58
72,NaN
73,1
74,10
75,28
76,7
77,2
78,7
79,1
80,2
81,4
82,NaN
83,5
84,NaN
85,1
86,48
87,1
88,NaN
89,1
90,1
91,1
92,NaN
93,NaN
94,NaN
95,NaN
96,NaN
97,NaN
98,NaN
99,NaN
100,NaN
101,NaN
102,NaN
103,NaN
104,NaN
105,NaN
106,NaN
107,NaN
108,NaN
109,NaN
110,NaN
111,3
112,38
113,NaN
114,NaN
115,NaN
116,NaN
117,NaN
118,NaN
119,NaN
120,NaN
121,NaN
122,NaN
123,NaN
124,4
125,NaN
126,NaN
127,NaN
128,NaN
129,NaN
130,NaN
131,NaN
132,NaN
133,NaN
134,NaN
135,NaN
136,NaN
137,NaN
138,NaN
139,NaN
140,NaN
141,NaN
142,2
143,1
144,NaN
145,1
146,NaN
147,NaN
148,15
149,NaN
150,NaN
151,NaN
152,NaN
153,7
154,NaN
155,NaN
156,NaN
157,NaN
158,33
159,18
160,NaN
161,1
162,NaN
163,NaN
164,NaN
165,NaN
166,NaN
167,NaN
168,NaN
169,20
170,NaN
171,NaN
172,NaN
173,NaN
174,NaN
175,NaN
176,NaN
177,11
178,NaN
179,NaN
180,NaN
181,NaN
182,NaN
183,NaN
184,15
185,NaN
186,NaN
187,NaN
188,NaN
189,2
190,NaN
191,2
192,NaN
193,1
194,10
195,NaN
196,NaN
197,NaN
198,NaN
199,NaN
200,4
201,21
202,NaN
203,11
204,NaN
205,NaN
206,34
207,5
208,NaN
209,NaN
210,NaN
211,13
212,NaN
213,NaN
214,NaN
215,29
216,NaN
217,NaN
218,NaN
219,NaN
220,7
221,NaN
222,NaN
223,NaN
224,NaN
225,NaN
226,NaN
227,NaN
228,NaN
229,NaN
230,NaN
231,NaN
232,NaN
233,4
234,NaN
235,19
236,NaN
237,NaN
238,14
239,28
240,NaN
241,NaN
242,NaN
243,NaN
244,NaN
245,NaN
246,NaN
247,NaN
248,NaN
249,NaN
250,2
251,2
252,NaN
253,NaN
254,NaN
255,NaN
256,1
257,NaN
258,NaN
259,NaN
260,NaN
261,NaN
262,NaN
263,NaN
264,NaN
265,2
266,NaN
267,2
268,NaN
269,1
270,2
271,21
272,NaN
273,NaN
274,NaN
275,NaN
276,NaN
277,NaN
278,3
279,NaN
280,NaN
281,NaN
282,NaN
283,NaN
284,NaN
285,NaN
286,NaN
287,NaN
288,NaN
289,9
290,12
291,NaN
292,NaN
293,NaN
294,NaN
295,NaN
296,NaN
297,NaN
298,2
299,NaN
300,NaN
301,NaN
302,NaN
303,NaN
304,NaN
305,NaN
306,2
307,NaN
308,NaN
309,NaN
310,NaN
311,NaN
312,NaN
313,NaN
314,NaN
315,NaN
316,NaN
317,NaN
318,NaN
319,NaN
320,NaN
321,NaN
322,NaN
323,13
324,NaN
325,NaN
326,NaN
327,11
328,5
329,NaN
330,NaN
331,NaN
332,NaN
333,NaN
334,NaN
335,NaN
336,NaN
337,NaN
338,5
339,8
340,NaN
341,NaN
342,NaN
343,5
344,NaN
345,NaN
346,NaN
347,8
348,NaN
349,NaN
350,NaN
351,NaN
352,1
353,1
354,17
355,5
356,NaN
357,16
358,NaN
359,NaN
360,4
361,NaN
362,NaN
363,NaN
364,NaN
365,NaN
366,NaN
367,NaN
368,NaN
369,NaN
370,NaN
371,NaN
372,NaN
373,NaN
374,4
375,NaN
376,NaN
377,NaN
378,NaN
379,NaN
380,NaN
381,NaN
382,NaN
383,NaN
384,9
385,NaN
386,NaN
387,23
388,NaN
389,NaN
390,NaN
391,16
392,14
393,NaN
394,NaN
395,NaN
396,NaN
397,NaN
398,NaN
399,NaN
400,NaN
401,NaN
402,NaN
403,6
404,NaN
405,NaN
406,NaN
407,NaN
408,NaN
409,NaN
410,6
411,NaN
412,NaN
413,NaN
414,NaN
415,NaN
416,NaN
417,NaN
418,NaN
419,NaN
420,NaN
421,NaN
422,NaN
423,NaN
424,5
425,9
426,NaN
427,NaN
428,NaN
429,1
430,4
431,NaN
432,NaN
433,NaN
434,10
435,12
436,NaN
437,1
438,1
439,NaN
440,1
441,NaN
442,NaN
443,NaN
444,NaN
445,17
446,NaN
447,NaN
448,NaN
449,NaN
450,NaN
451,1
452,NaN
453,NaN
454,NaN
455,1
456,NaN
457,NaN
458,NaN
459,NaN
460,3
461,NaN
462,1
463,1
464,NaN
465,NaN
466,5
467,3
468,5
469,NaN
470,NaN
471,NaN
472,NaN
473,NaN
474,2
475,NaN
476,NaN
477,NaN
478,NaN
479,NaN
480,3
481,NaN
482,NaN
483,4
484,NaN
485,NaN
486,NaN
487,8
488,NaN
489,NaN
490,NaN
491,NaN
492,NaN
493,NaN
494,NaN
495,NaN
496,NaN
497,NaN
498,NaN
499,NaN
500,NaN
501,NaN
502,NaN
503,NaN
504,NaN
505,17
506,NaN
507,NaN
508,NaN
509,NaN
510,NaN
511,NaN
512,NaN
513,NaN
514,NaN
515,2
516,NaN
517,NaN
518,NaN
519,NaN
520,NaN
521,10
522,NaN
523,NaN
524,NaN
525,NaN
526,NaN
527,NaN
528,NaN
529,4
530,NaN
531,NaN
532,NaN
533,NaN
534,NaN
535,2
536,NaN
537,NaN
538,1
539,1
540,NaN
541,NaN
542,NaN
543,NaN
544,NaN
545,4
546,NaN
547,8
548,NaN
549,2
550,4
551,3
552,NaN
553,NaN
554,1
555,1
556,NaN
557,NaN
558,NaN
559,NaN
560,NaN
561,NaN
562,NaN
563,NaN
564,2
565,15
566,9
567,12
568,NaN
569,NaN
570,NaN
571,NaN
572,NaN
573,NaN
574,NaN
575,NaN
576,1
577,NaN
578,NaN
579,NaN
580,1
581,1
582,NaN
583,NaN
584,NaN
585,NaN
586,NaN
587,10
588,1
589,NaN
590,1
591,NaN
592,NaN
593,NaN
594,NaN
595,NaN
596,NaN
597,NaN
598,2
599,2
600,NaN
601,NaN
602,NaN
603,NaN
604,NaN
605,NaN
606,NaN
607,NaN
608,10
609,NaN
610,NaN
611,NaN
612,NaN
613,NaN
614,10
615,NaN
616,NaN
617,NaN
618,NaN
619,NaN
620,2
621,NaN
622,NaN
623,NaN
624,NaN
625,NaN
626,2
627,NaN
628,NaN
629,NaN
630,16
631,NaN
632,NaN
633,8
634,3
635,NaN
636,NaN
637,4
638,1
639,NaN
640,NaN
641,NaN
642,NaN
643,NaN
644,NaN
645,2
646,NaN
647,2
648,NaN
649,NaN
650,NaN
651,NaN
652,NaN
653,NaN
654,NaN
655,NaN
656,NaN
657,NaN
658,NaN
659,NaN
660,NaN
661,NaN
662,1
663,NaN
664,NaN
665,NaN
666,NaN
667,NaN
668,NaN
669,4
670,NaN
671,NaN
672,1
673,NaN
674,NaN
675,NaN
676,NaN
677,NaN
678,NaN
679,NaN
680,NaN
681,NaN
682,NaN
683,2
684,NaN
685,NaN
686,NaN
687,NaN
688,NaN
689,NaN
690,NaN
691,NaN
692,NaN
693,NaN
694,7
695,NaN
696,NaN
697,10
698,NaN
699,6
700,NaN
701,1
702,NaN
703,NaN
704,NaN
705,NaN
706,NaN
707,NaN
708,NaN
709,4
710,NaN
711,7
712,NaN
713,NaN
714,NaN
715,NaN
716,NaN
717,8
718,NaN
719,NaN
720,NaN
721,NaN
722,NaN
723,NaN
724,NaN
725,NaN
726,NaN
727,NaN
728,NaN
729,NaN
730,NaN
731,2
732,NaN
733,NaN
734,NaN
735,NaN
736,NaN
737,NaN
738,NaN
739,NaN
740,NaN
741,NaN
742,NaN
743,NaN
744,NaN
745,NaN
746,NaN
747,NaN
748,4
749,NaN
750,NaN
751,NaN
752,NaN
753,NaN
754,NaN
755,NaN
756,NaN
757,NaN
758,NaN
759,NaN
760,NaN
761,NaN
762,NaN
763,NaN
764,3
765,NaN
766,2
767,NaN
768,NaN
769,NaN
770,NaN
771,NaN
772,NaN
773,NaN
774,NaN
775,NaN
776,NaN
777,NaN
778,NaN
779,NaN
780,NaN
781,NaN
782,2
783,NaN
784,NaN
785,NaN
786,NaN
787,NaN
788,NaN
789,NaN
790,NaN
791,NaN
792,NaN
793,3
794,NaN
795,5
796,NaN
797,NaN
798,NaN
799,NaN
800,NaN
801,NaN
802,2
803,NaN
804,NaN
805,NaN
806,NaN
807,NaN
808,NaN
809,NaN
810,3
811,NaN
812,NaN
813,NaN
814,NaN
815,NaN
816,NaN
817,NaN
818,NaN
819,7
820,8
821,NaN
822,NaN
823,NaN
824,NaN
825,NaN
826,NaN
827,NaN
828,NaN
829,NaN
830,3
831,NaN
832,NaN
833,NaN
834,4
835,NaN
836,NaN
837,NaN
838,NaN
839,NaN
840,NaN
841,NaN
842,NaN
843,NaN
844,NaN
845,NaN
846,NaN
847,NaN
848,NaN
849,NaN
850,1
851,NaN
852,NaN
853,NaN
854,NaN
855,NaN
856,2
857,1
858,NaN
859,NaN
860,NaN
861,NaN
862,1
863,NaN
864,NaN
865,NaN
866,NaN
867,NaN
868,NaN
869,NaN
870,NaN
871,NaN
872,NaN
873,2
874,NaN
875,NaN
876,NaN
877,NaN
878,NaN
879,NaN
880,NaN
881,NaN
882,NaN
883,1
884,NaN
885,NaN
886,NaN
887,NaN
888,NaN
889,NaN
890,1
891,NaN
892,1
893,NaN
894,NaN
895,NaN
896,NaN
897,NaN
898,NaN
899,NaN
900,NaN
901,NaN
902,1
903,NaN
904,NaN
905,NaN
906,3
907,NaN
908,NaN
909,6
910,1
911,NaN
912,NaN
913,NaN
914,NaN
915,1
916,NaN
917,NaN
918,NaN
919,NaN
920,NaN
921,NaN
922,NaN
923,NaN
924,NaN
925,NaN
926,NaN
927,NaN
928,NaN
929,NaN
930,NaN
931,2
932,NaN
933,NaN
934,NaN
935,NaN
936,NaN
937,NaN
938,NaN
939,NaN
940,NaN
941,1
942,NaN
943,NaN
944,2
945,NaN
946,NaN
947,NaN
948,NaN
949,NaN
950,NaN
951,NaN
952,NaN
953,NaN
954,NaN
955,NaN
956,1
957,NaN
958,NaN
959,1
960,NaN
961,1
962,NaN
963,NaN
964,5
965,1
966,NaN
967,NaN
968,NaN
969,3
970,NaN
971,NaN
972,NaN
973,NaN
974,NaN
975,NaN
976,15
977,NaN
978,3
979,1
980,NaN
981,8
982,2
983,NaN
984,7
985,NaN
986,1
987,NaN
988,3
989,NaN
990,NaN
991,NaN
992,NaN
993,NaN
994,NaN
995,NaN
996,NaN
997,NaN
998,NaN
999,NaN
1000,NaN
1001,NaN
1002,NaN
1003,NaN
1004,2
1005,NaN
1006,NaN
1007,NaN
1008,NaN
1009,NaN
1010,NaN
1011,NaN
1012,NaN
1013,NaN
1014,NaN
1015,NaN
1016,NaN
1017,NaN
1018,NaN
1019,NaN
1020,NaN
1021,NaN
1022,NaN
1023,NaN
1024,NaN
1025,1
1026,NaN
1027,NaN
1028,NaN
1029,1
1030,NaN
1031,NaN
1032,NaN
1033,NaN
1034,NaN
1035,NaN
1036,NaN
1037,NaN
1038,NaN
1039,3
1040,NaN
1041,NaN
1042,NaN
1043,3
1044,NaN
1045,NaN
1046,NaN
1047,NaN
1048,NaN
1049,2
1050,NaN
1051,5
1052,NaN
1053,NaN
1054,2
1055,1
1056,4
1057,NaN
1058,NaN
1059,3
1060,NaN
1061,NaN
1062,9
1063,NaN
1064,NaN
1065,2
1066,NaN
1067,NaN
1068,NaN
1069,NaN
1070,2
1071,NaN
1072,NaN
1073,NaN
1074,NaN
1075,3
1076,NaN
1077,2
1078,2
1079,6
1080,NaN
1081,NaN
1082,1
1083,NaN
1084,2
1085,NaN
1086,NaN
1087,NaN
1088,NaN
1089,NaN
1090,3
1091,1
1092,NaN
1093,NaN
1094,NaN
1095,NaN
1096,NaN
1097,NaN
1098,NaN
1099,14
1100,1
1101,NaN
1102,NaN
1103,1
1104,NaN
1105,NaN
1106,NaN
1107,NaN
1108,NaN
1109,NaN
1110,NaN
1111,NaN
1112,NaN
1113,NaN
1114,NaN
1115,NaN
1116,NaN
1117,10
1118,NaN
1119,NaN
1120,NaN
1121,NaN
1122,NaN
1123,3
1124,NaN
1125,3
1126,NaN
1127,NaN
1128,NaN
1129,NaN
1130,NaN
1131,NaN
1132,NaN
1133,NaN
1134,3
1135,1
1136,NaN
1137,NaN
1138,NaN
1139,NaN
1140,NaN
1141,NaN
1142,NaN
1143,NaN
1144,NaN
1145,2
1146,NaN
1147,15
1148,NaN
1149,NaN
1150,NaN
1151,NaN
1152,6
1153,NaN
1154,NaN
1155,NaN
1156,NaN
1157,NaN
1158,NaN
1159,NaN
1160,NaN
1161,NaN
1162,2
1163,3
1164,NaN
1165,NaN
1166,NaN
1167,NaN
1168,NaN
1169,NaN
1170,NaN
1171,NaN
1172,NaN
1173,NaN
1174,NaN
1175,2
1176,NaN
1177,NaN
1178,NaN
1179,NaN
1180,NaN
1181,NaN
1182,NaN
1183,NaN
1184,3
1185,4
1186,NaN
1187,NaN
1188,NaN
1189,NaN
1190,9
1191,NaN
1192,NaN
1193,NaN
1194,NaN
1195,NaN
1196,NaN
1197,NaN
1198,NaN
1199,3
1200,NaN
1201,4
1202,NaN
1203,NaN
1204,NaN
1205,NaN
1206,1
1207,5
1208,NaN
1209,NaN
1210,6
1211,NaN
1212,NaN
1213,8
1214,NaN
1215,NaN
1216,NaN
1217,NaN
1218,NaN
1219,NaN
1220,NaN
1221,NaN
1222,7
1223,NaN
1224,NaN
1225,1
1226,NaN
1227,NaN
1228,NaN
1229,NaN
1230,NaN
1231,NaN
1232,1
1233,NaN
1234,NaN
1235,NaN
1236,2
1237,1
1238,2
1239,NaN
1240,NaN
1241,1
1242,NaN
1243,NaN
1244,NaN
1245,NaN
1246,NaN
1247,NaN
1248,7
1249,NaN
1250,NaN
1251,NaN
1252,NaN
1253,3
1254,NaN
1255,1
1256,4
1257,9
1258,NaN
1259,NaN
1260,NaN
1261,NaN
1262,1
1263,1
1264,NaN
1265,NaN
1266,NaN
1267,NaN
1268,2
1269,2
1270,NaN
1271,NaN
1272,NaN
1273,NaN
1274,NaN
1275,NaN
1276,NaN
1277,NaN
1278,NaN
1279,NaN
1280,3
1281,NaN
1282,NaN
1283,1
1284,NaN
1285,NaN
1286,NaN
1287,NaN
1288,NaN
1289,NaN
1290,NaN
1291,NaN
1292,NaN
1293,11
1294,4
1295,NaN
1296,NaN
1297,NaN
1298,4
1299,4
1300,NaN
1301,NaN
1302,NaN
1303,1
1304,NaN
1305,NaN
1306,NaN
1307,NaN
1308,9
1309,NaN
1310,NaN
1311,NaN
1312,NaN
1313,NaN
1314,NaN
1315,NaN
1316,2
1317,NaN
1318,2
1319,NaN
1320,NaN
1321,NaN
1322,NaN
1323,NaN
1324,NaN
1325,NaN
1326,NaN
1327,NaN
1328,NaN
1329,NaN
1330,NaN
1331,NaN
1332,NaN
1333,2
1334,NaN
1335,NaN
1336,NaN
1337,NaN
1338,NaN
1339,NaN
1340,NaN
1341,NaN
1342,NaN
1343,NaN
1344,NaN
1345,NaN
1346,NaN
1347,NaN
1348,NaN
1349,NaN
1350,NaN
1351,NaN
1352,4
1353,NaN
1354,NaN
1355,NaN
1356,NaN
1357,NaN
1358,NaN
1359,5
1360,NaN
1361,NaN
1362,NaN
1363,1
1364,NaN
1365,NaN
1366,NaN
1367,3
1368,NaN
1369,NaN
1370,NaN
1371,NaN
1372,NaN
1373,NaN
1374,NaN
1375,NaN
1376,NaN
1377,2
1378,NaN
1379,NaN
1380,NaN
1381,NaN
1382,NaN
1383,NaN
1384,NaN
1385,NaN
1386,4
1387,4
1388,NaN
1389,1
1390,NaN
1391,1
1392,NaN
1393,NaN
1394,NaN
1395,NaN
1396,NaN
1397,NaN
1398,NaN
1399,2
1400,NaN
1401,NaN
1402,NaN
1403,NaN
1404,NaN
1405,NaN
1406,NaN
1407,NaN
1408,NaN
1409,6
1410,NaN
1411,NaN
1412,NaN
1413,1
1414,NaN
1415,NaN
1416,NaN
1417,NaN
1418,NaN
1419,NaN
1420,NaN
1421,NaN
1422,NaN
1423,NaN
1424,2
1425,NaN
1426,NaN
1427,NaN
1428,NaN
1429,NaN
1430,NaN
1431,NaN
1432,NaN
1433,NaN
1434,NaN
1435,NaN
1436,NaN
1437,NaN
1438,NaN
1439,NaN
1440,NaN
1441,NaN
1442,NaN
1443,NaN
1444,NaN
1445,NaN
1446,NaN
1447,NaN
1448,NaN
1449,6
1450,NaN
1451,1
1452,NaN
1453,NaN
1454,NaN
1455,NaN
1456,NaN
1457,NaN
1458,NaN
1459,NaN
1460,NaN
1461,NaN
1462,NaN
1463,7
1464,NaN
1465,NaN
1466,NaN
1467,NaN
1468,NaN
1469,NaN
1470,NaN
1471,NaN
1472,1
1473,NaN
1474,NaN
1475,NaN
1476,NaN
1477,NaN
1478,1
1479,NaN
1480,NaN
1481,NaN
1482,NaN
1483,NaN
1484,NaN
1485,NaN
1486,NaN
1487,NaN
1488,NaN
1489,NaN
1490,3
1491,NaN
1492,NaN
1493,NaN
1494,NaN
1495,NaN
1496,NaN
1497,NaN
1498,NaN
1499,NaN
1500,1
1501,NaN
1502,NaN
1503,NaN
1504,NaN
1505,NaN
1506,NaN
1507,NaN
1508,NaN
1509,NaN
1510,NaN
1511,NaN
1512,NaN
1513,NaN
1514,NaN
1515,NaN
1516,1
1517,NaN
1518,NaN
1519,3
1520,NaN
1521,NaN
1522,NaN
1523,3
1524,NaN
1525,NaN
1526,NaN
1527,NaN
1528,NaN
1529,NaN
1530,NaN
1531,NaN
1532,NaN
1533,NaN
1534,NaN
1535,NaN
1536,NaN
1537,NaN
1538,NaN
1539,NaN
1540,NaN
1541,NaN
1542,NaN
1543,NaN
1544,NaN
1545,NaN
1546,NaN
1547,NaN
1548,NaN
1549,1
1550,NaN
1551,9
1552,NaN
1553,3
1554,NaN
1555,1
1556,NaN
1557,NaN
1558,NaN
1559,NaN
1560,NaN
1561,2
1562,NaN
1563,NaN
1564,NaN
1565,1
1566,NaN
1567,2
1568,NaN
1569,NaN
1570,NaN
1571,NaN
1572,NaN
1573,NaN
1574,NaN
1575,NaN
1576,NaN
1577,NaN
1578,NaN
1579,NaN
1580,NaN
1581,NaN
1582,NaN
1583,NaN
1584,1
1585,4
1586,NaN
1587,NaN
1588,NaN
1589,NaN
1590,NaN
1591,NaN
1592,NaN
1593,NaN
1594,NaN
1595,1
1596,NaN
1597,NaN
1598,NaN
1599,NaN
1600,NaN
1601,NaN
1602,NaN
1603,NaN
1604,NaN
1605,NaN
1606,NaN
1607,NaN
1608,NaN
1609,1
1610,NaN
1611,NaN
1612,NaN
1613,NaN
1614,NaN
1615,1
1616,NaN
1617,3
1618,NaN
1619,NaN
1620,NaN
1621,NaN
1622,NaN
1623,NaN
1624,NaN
1625,NaN
1626,NaN
1627,NaN
1628,NaN
1629,NaN
1630,NaN
1631,NaN
1632,NaN
1633,NaN
1634,NaN
1635,7
1636,NaN
1637,NaN
1638,1
1639,1
1640,NaN
1641,NaN
1642,14
1643,NaN
1644,NaN
1645,NaN
1646,NaN
1647,NaN
1648,NaN
1649,NaN
1650,NaN
1651,NaN
1652,NaN
1653,NaN
1654,NaN
1655,NaN
1656,NaN
1657,2
1658,NaN
1659,NaN
1660,3
1661,NaN
1662,NaN
1663,2
1664,NaN
1665,9
1666,NaN
1667,NaN
1668,NaN
1669,NaN
1670,NaN
1671,NaN
1672,NaN
1673,NaN
1674,NaN
1675,NaN
1676,NaN
1677,2
1678,NaN
1679,2
1680,1
1681,NaN
1682,NaN
1683,1
1684,NaN
1685,NaN
1686,NaN
1687,2
1688,NaN
1689,NaN
1690,NaN
1691,NaN
1692,NaN
1693,1
1694,NaN
1695,NaN
1696,NaN
1697,NaN
1698,NaN
1699,NaN
1700,NaN
1701,2
1702,NaN
1703,NaN
1704,NaN
1705,NaN
1706,NaN
1707,NaN
1708,NaN
1709,1
1710,NaN
1711,NaN
1712,NaN
1713,1
1714,1
1715,NaN
1716,NaN
1717,NaN
1718,NaN
1719,NaN
1720,4
1721,NaN
1722,NaN
1723,NaN
1724,NaN
1725,NaN
1726,7
1727,NaN
1728,4
1729,NaN
1730,NaN
1731,5
1732,NaN
1733,NaN
1734,NaN
1735,NaN
1736,NaN
1737,NaN
1738,NaN
1739,NaN
1740,NaN
1741,NaN
1742,NaN
1743,NaN
1744,NaN
1745,NaN
1746,NaN
1747,NaN
1748,NaN
1749,2
1750,NaN
1751,NaN
1752,NaN
1753,NaN
1754,1
1755,NaN
1756,NaN
1757,NaN
1758,NaN
1759,NaN
1760,NaN
1761,NaN
1762,NaN
1763,NaN
1764,NaN
1765,NaN
1766,NaN
1767,NaN
1768,NaN
1769,NaN
1770,NaN
1771,NaN
1772,2
1773,NaN
1774,NaN
1775,2
1776,NaN
1777,NaN
1778,3
1779,NaN
1780,NaN
1781,NaN
1782,1
1783,NaN
1784,NaN
1785,NaN
1786,NaN
1787,NaN
1788,NaN
1789,NaN
1790,NaN
1791,2
1792,NaN
1793,NaN
1794,NaN
1795,NaN
1796,2
1797,1
1798,NaN
1799,NaN
1800,NaN
1801,NaN
1802,3
1803,NaN
1804,NaN
1805,NaN
1806,NaN
1807,NaN
1808,NaN
1809,NaN
1810,NaN
1811,NaN
1812,1
1813,NaN
1814,NaN
1815,NaN
1816,NaN
1817,NaN
1818,NaN
1819,NaN
1820,NaN
1821,NaN
1822,NaN
1823,NaN
1824,NaN
1825,NaN
1826,NaN
1827,NaN
1828,NaN
1829,NaN
1830,NaN
1831,NaN
1832,NaN
1833,NaN
1834,NaN
1835,NaN
1836,NaN
1837,NaN
1838,NaN
1839,NaN
1840,NaN
1841,NaN
1842,NaN
1843,2
1844,NaN
1845,NaN
1846,NaN
1847,1
1848,NaN
1849,NaN
1850,NaN
1851,NaN
1852,NaN
1853,4
1854,NaN
1855,2
1856,NaN
1857,1
1858,1
1859,NaN
1860,NaN
1861,NaN
1862,NaN
1863,NaN
1864,NaN
1865,NaN
1866,NaN
1867,NaN
1868,8
1869,NaN
1870,NaN
1871,NaN
1872,NaN
1873,4
1874,NaN
1875,NaN
1876,4
1877,NaN
1878,1
1879,NaN
1880,NaN
1881,NaN
1882,12
1883,NaN
1884,NaN
1885,1
1886,2
1887,NaN
1888,NaN
1889,NaN
1890,NaN
1891,NaN
1892,NaN
1893,4
1894,1
1895,5
1896,3
1897,6
1898,NaN
1899,NaN
1900,NaN
1901,NaN
1902,1
1903,NaN
1904,NaN
1905,NaN
1906,NaN
1907,NaN
1908,NaN
1909,NaN
1910,NaN
1911,1
1912,NaN
1913,NaN
1914,NaN
1915,1
1916,NaN
1917,NaN
1918,NaN
1919,NaN
1920,NaN
1921,NaN
1922,2
1923,1
1924,NaN
1925,NaN
1926,NaN
1927,NaN
1928,NaN
1929,NaN
1930,NaN
1931,NaN
1932,NaN
1933,NaN
1934,NaN
1935,NaN
1936,NaN
1937,NaN
1938,NaN
1939,NaN
1940,NaN
1941,NaN
1942,NaN
1943,NaN
1944,NaN
1945,NaN
1946,NaN
1947,NaN
1948,2
1949,NaN
1950,3
1951,5
1952,NaN
1953,NaN
1954,7
1955,NaN
1956,3
1957,5
1958,NaN
1959,NaN
1960,NaN
1961,NaN
1962,NaN
1963,NaN
1964,NaN
1965,NaN
1966,NaN
1967,NaN
1968,NaN
1969,3
1970,NaN
1971,NaN
1972,NaN
1973,NaN
1974,NaN
1975,1
1976,NaN
1977,NaN
1978,NaN
1979,NaN
1980,NaN
1981,NaN
1982,NaN
1983,1
1984,NaN
1985,NaN
1986,8
1987,NaN
1988,NaN
1989,1
1990,NaN
1991,NaN
1992,2
1993,NaN
1994,NaN
1995,NaN
1996,NaN
1997,NaN
1998,NaN
1999,NaN
2000,NaN
2001,NaN
2002,NaN
2003,NaN
2004,NaN
2005,NaN
2006,NaN
2007,NaN
2008,NaN
2009,1
2010,NaN
2011,NaN
2012,NaN
2013,NaN
2014,NaN
2015,NaN
2016,NaN
2017,NaN
2018,1
2019,NaN
2020,1
2021,2
2022,NaN
2023,4
2024,1
2025,1
2026,8
2027,NaN
2028,1
2029,NaN
2030,2
2031,NaN
2032,NaN
2033,NaN
2034,NaN
2035,NaN
2036,1
2037,NaN
2038,NaN
2039,NaN
2040,NaN
2041,NaN
2042,NaN
2043,NaN
2044,NaN
2045,NaN
2046,1
2047,NaN
2048,NaN
2049,NaN
2050,NaN
2051,NaN
2052,NaN
2053,NaN
2054,NaN
2055,NaN
2056,NaN
2057,NaN
2058,2
2059,4
2060,NaN
2061,NaN
2062,2
2063,NaN
2064,5
2065,NaN
2066,NaN
2067,NaN
2068,NaN
2069,NaN
2070,5
2071,NaN
2072,NaN
2073,NaN
2074,NaN
2075,NaN
2076,3
2077,NaN
2078,NaN
2079,NaN
2080,NaN
2081,NaN
2082,NaN
2083,NaN
2084,NaN
2085,NaN
2086,NaN
2087,NaN
2088,NaN
2089,NaN
2090,NaN
2091,NaN
2092,NaN
2093,NaN
2094,NaN
2095,NaN
2096,1
2097,NaN
2098,NaN
2099,NaN
2100,NaN
2101,21
2102,NaN
2103,NaN
2104,NaN
2105,1
2106,NaN
2107,2
2108,NaN
2109,NaN
2110,NaN
2111,2
2112,NaN
2113,NaN
2114,NaN
2115,NaN
2116,NaN
2117,NaN
2118,NaN
2119,NaN
2120,NaN
2121,NaN
2122,NaN
2123,2
2124,NaN
2125,NaN
2126,NaN
2127,NaN
2128,NaN
2129,NaN
2130,NaN
2131,2
2132,4
2133,NaN
2134,NaN
2135,NaN
2136,NaN
2137,NaN
2138,1
2139,NaN
2140,NaN
2141,NaN
2142,7
2143,NaN
2144,NaN
2145,NaN
2146,NaN
2147,1
2148,NaN
2149,NaN
2150,1
2151,NaN
2152,NaN
2153,NaN
2154,NaN
2155,NaN
2156,NaN
2157,5
2158,NaN
2159,NaN
2160,NaN
2161,NaN
2162,NaN
2163,NaN
2164,NaN
2165,NaN
2166,NaN
2167,NaN
2168,NaN
2169,NaN
2170,NaN
2171,NaN
2172,NaN
2173,NaN
2174,NaN
2175,NaN
2176,NaN
2177,NaN
2178,NaN
2179,NaN
2180,NaN
2181,NaN
2182,NaN
2183,NaN
2184,NaN
2185,NaN
2186,NaN
2187,NaN
2188,NaN
2189,NaN
2190,2
2191,NaN
2192,NaN
2193,NaN
2194,NaN
2195,2
2196,NaN
2197,NaN
2198,NaN
2199,4
2200,NaN
2201,NaN
2202,NaN
2203,NaN
2204,NaN
2205,NaN
2206,NaN
2207,NaN
2208,2
2209,NaN
2210,NaN
2211,NaN
2212,NaN
2213,2
2214,NaN
2215,4
2216,NaN
2217,NaN
2218,NaN
2219,NaN
2220,8
2221,NaN
2222,NaN
2223,NaN
2224,NaN
2225,NaN
2226,NaN
2227,NaN
2228,1
2229,NaN
2230,1
2231,NaN
2232,NaN
2233,1
2234,NaN
2235,NaN
2236,NaN
2237,NaN
2238,NaN
2239,NaN
2240,NaN
2241,NaN
2242,1
2243,NaN
2244,NaN
2245,NaN
2246,NaN
2247,2
2248,NaN
2249,NaN
2250,NaN
2251,NaN
2252,8
2253,NaN
2254,NaN
2255,NaN
2256,NaN
2257,NaN
2258,2
2259,NaN
2260,NaN
2261,NaN
2262,NaN
2263,NaN
2264,NaN
2265,NaN
2266,1
2267,NaN
2268,NaN
2269,NaN
2270,1
2271,NaN
2272,NaN
2273,5
2274,NaN
2275,NaN
2276,1
2277,NaN
2278,NaN
2279,NaN
2280,NaN
2281,NaN
2282,NaN
2283,NaN
2284,NaN
2285,NaN
2286,NaN
2287,1
2288,NaN
2289,4
2290,NaN
2291,NaN
2292,NaN
2293,NaN
2294,NaN
2295,NaN
2296,NaN
2297,NaN
2298,NaN
2299,NaN
2300,NaN
2301,NaN
2302,NaN
2303,NaN
2304,NaN
2305,3
2306,NaN
2307,NaN
2308,NaN
2309,NaN
2310,NaN
2311,1
2312,NaN
2313,NaN
2314,NaN
2315,NaN
2316,5
2317,NaN
2318,1
2319,NaN
2320,1
2321,NaN
2322,NaN
2323,3
2324,NaN
2325,NaN
2326,NaN
2327,NaN
2328,NaN
2329,NaN
2330,3
2331,2
2332,NaN
2333,NaN
2334,NaN
2335,1
2336,NaN
2337,NaN
2338,NaN
2339,2
2340,NaN
2341,1
2342,NaN
2343,NaN
2344,NaN
2345,NaN
2346,NaN
2347,NaN
2348,NaN
2349,NaN
2350,3
2351,NaN
2352,NaN
2353,NaN
2354,NaN
2355,10
2356,NaN
2357,NaN
2358,NaN
2359,NaN
2360,NaN
2361,NaN
2362,NaN
2363,1
2364,1
2365,NaN
2366,NaN
2367,NaN
2368,NaN
2369,NaN
2370,NaN
2371,11
2372,NaN
2373,NaN
2374,NaN
2375,1
2376,NaN
2377,NaN
2378,NaN
2379,NaN
2380,NaN
2381,NaN
2382,NaN
2383,NaN
2384,NaN
2385,NaN
2386,NaN
2387,NaN
2388,NaN
2389,NaN
2390,NaN
2391,NaN
2392,NaN
2393,NaN
2394,NaN
2395,NaN
2396,NaN
2397,NaN
2398,NaN
2399,NaN
2400,2
2401,NaN
2402,NaN
2403,NaN
2404,NaN
2405,NaN
2406,NaN
2407,NaN
2408,NaN
2409,NaN
2410,NaN
2411,NaN
2412,NaN
2413,1
2414,NaN
2415,2
2416,NaN
2417,NaN
2418,NaN
2419,NaN
2420,NaN
2421,NaN
2422,NaN
2423,NaN
2424,NaN
2425,5
2426,1
2427,NaN
2428,1
2429,NaN
2430,NaN
2431,NaN
2432,4
2433,NaN
2434,NaN
2435,NaN
2436,NaN
2437,NaN
2438,NaN
2439,NaN
2440,NaN
2441,NaN
2442,NaN
2443,NaN
2444,2
2445,NaN
2446,NaN
2447,2
2448,NaN
2449,NaN
2450,NaN
2451,NaN
2452,NaN
2453,NaN
2454,NaN
2455,2
2456,NaN
2457,NaN
2458,NaN
2459,NaN
2460,NaN
2461,NaN
2462,2
2463,NaN
2464,NaN
2465,NaN
2466,2
2467,NaN
2468,7
2469,NaN
2470,NaN
2471,NaN
2472,NaN
2473,NaN
2474,NaN
2475,NaN
2476,NaN
2477,2
2478,6
2479,NaN
2480,NaN
2481,NaN
2482,NaN
2483,NaN
2484,NaN
2485,NaN
2486,NaN
2487,NaN
2488,NaN
2489,NaN
2490,NaN
2491,2
2492,NaN
2493,NaN
2494,NaN
2495,NaN
2496,NaN
2497,NaN
2498,2
2499,1
2500,NaN
2501,NaN
2502,NaN
2503,NaN
2504,NaN
2505,NaN
2506,NaN
2507,NaN
2508,NaN
2509,NaN
2510,2
2511,NaN
2512,NaN
2513,NaN
2514,1
2515,NaN
2516,NaN
2517,1
2518,NaN
2519,NaN
2520,NaN
2521,NaN
2522,NaN
2523,NaN
2524,1
2525,NaN
2526,NaN
2527,NaN
2528,NaN
2529,NaN
2530,NaN
2531,1
2532,NaN
2533,NaN
2534,NaN
2535,NaN
2536,NaN
2537,1
2538,NaN
2539,1
2540,1
2541,1
2542,NaN
2543,NaN
2544,4
2545,6
2546,NaN
2547,1
2548,NaN
2549,NaN
2550,NaN
2551,13
2552,NaN
2553,4
2554,1
2555,1
2556,NaN
2557,NaN
2558,NaN
2559,3
2560,1
2561,1
2562,NaN
2563,NaN
2564,5
2565,NaN
2566,NaN
2567,2
2568,NaN
2569,NaN
2570,NaN
2571,NaN
2572,NaN
2573,NaN
2574,2
2575,NaN
2576,NaN
2577,NaN
2578,NaN
2579,NaN
2580,2
2581,NaN
2582,NaN
2583,NaN
2584,NaN
2585,NaN
2586,NaN
2587,NaN
2588,NaN
2589,NaN
2590,NaN
2591,NaN
2592,NaN
2593,NaN
2594,2
2595,NaN
2596,NaN
2597,1
2598,NaN
2599,NaN
2600,NaN
2601,NaN
2602,NaN
2603,NaN
2604,NaN
2605,NaN
2606,NaN
2607,NaN
2608,NaN
2609,NaN
2610,NaN
2611,3
2612,NaN
2613,NaN
2614,NaN
2615,NaN
2616,NaN
2617,NaN
2618,NaN
2619,NaN
2620,NaN
2621,NaN
2622,NaN
2623,NaN
2624,NaN
2625,NaN
2626,1
2627,NaN
2628,NaN
2629,NaN
2630,NaN
2631,NaN
2632,NaN
2633,NaN
2634,NaN
2635,NaN
2636,NaN
2637,NaN
2638,NaN
2639,NaN
2640,NaN
2641,NaN
2642,NaN
2643,NaN
2644,1
2645,NaN
2646,NaN
2647,9
2648,2
2649,NaN
2650,NaN
2651,NaN
2652,NaN
2653,1
2654,NaN
2655,NaN
2656,NaN
2657,NaN
2658,1
2659,NaN
2660,NaN
2661,NaN
2662,NaN
2663,1
2664,4
2665,NaN
2666,NaN
2667,NaN
2668,NaN
2669,NaN
2670,NaN
2671,NaN
2672,NaN
2673,NaN
2674,NaN
2675,NaN
2676,3
2677,NaN
2678,NaN
2679,NaN
2680,NaN
2681,NaN
2682,NaN
2683,NaN
2684,NaN
2685,NaN
2686,NaN
2687,NaN
2688,NaN
2689,NaN
2690,NaN
2691,1
2692,NaN
2693,NaN
2694,NaN
2695,NaN
2696,NaN
2697,NaN
2698,NaN
2699,NaN
2700,1
2701,NaN
2702,NaN
2703,NaN
2704,NaN
2705,NaN
2706,NaN
2707,NaN
2708,NaN
2709,NaN
2710,NaN
2711,NaN
2712,NaN
2713,NaN
2714,NaN
2715,NaN
2716,NaN
2717,NaN
2718,NaN
2719,NaN
2720,NaN
2721,NaN
2722,NaN
2723,NaN
2724,NaN
2725,5
2726,NaN
2727,NaN
2728,NaN
2729,NaN
2730,NaN
2731,NaN
2732,NaN
2733,NaN
2734,NaN
2735,NaN
2736,NaN
2737,1
2738,2
2739,NaN
2740,NaN
2741,3
2742,NaN
2743,NaN
2744,3
2745,NaN
2746,NaN
2747,NaN
2748,NaN
2749,NaN
2750,NaN
2751,NaN
2752,1
2753,NaN
2754,NaN
2755,1
2756,NaN
2757,NaN
2758,NaN
2759,NaN
2760,NaN
2761,NaN
2762,NaN
2763,NaN
2764,NaN
2765,NaN
2766,NaN
2767,NaN
2768,4
2769,NaN
2770,NaN
2771,NaN
2772,NaN
2773,NaN
2774,NaN
2775,NaN
2776,NaN
2777,2
2778,NaN
2779,NaN
2780,NaN
2781,NaN
2782,NaN
2783,NaN
2784,NaN
2785,NaN
2786,NaN
2787,NaN
2788,3
2789,NaN
2790,NaN
2791,NaN
2792,NaN
2793,NaN
2794,NaN
2795,NaN
2796,1
2797,NaN
2798,NaN
2799,1
2800,NaN
2801,NaN
2802,NaN
2803,NaN
2804,NaN
2805,NaN
2806,NaN
2807,NaN
2808,NaN
2809,NaN
2810,NaN
2811,NaN
2812,NaN
2813,NaN
2814,NaN
2815,NaN
2816,2
2817,NaN
2818,NaN
2819,NaN
2820,NaN
2821,NaN
2822,NaN
2823,NaN
2824,NaN
2825,NaN
2826,3
2827,NaN
2828,NaN
2829,NaN
2830,1
2831,NaN
2832,NaN
2833,NaN
2834,NaN
2835,NaN
2836,NaN
2837,NaN
2838,2
2839,NaN
2840,NaN
2841,NaN
2842,1
2843,NaN
2844,NaN
2845,NaN
2846,1
2847,1
2848,NaN
2849,NaN
2850,NaN
2851,5
2852,NaN
2853,NaN
2854,10
2855,NaN
2856,2
2857,NaN
2858,NaN
2859,3
2860,NaN
2861,NaN
2862,1
2863,NaN
2864,NaN
2865,NaN
2866,NaN
2867,2
2868,3
2869,1
2870,NaN
2871,NaN
2872,1
2873,5
2874,NaN
2875,2
2876,NaN
2877,NaN
2878,NaN
2879,NaN
2880,NaN
2881,NaN
2882,2
2883,NaN
2884,NaN
2885,3
2886,NaN
2887,NaN
2888,NaN
2889,4
2890,NaN
2891,NaN
2892,1
2893,1
2894,NaN
2895,NaN
2896,NaN
2897,NaN
2898,NaN
2899,NaN
2900,NaN
2901,NaN
2902,NaN
2903,1
2904,NaN
2905,NaN
2906,NaN
2907,NaN
2908,NaN
2909,2
2910,NaN
2911,NaN
2912,NaN
2913,NaN
2914,NaN
2915,NaN
2916,NaN
2917,NaN
2918,NaN
2919,1
2920,NaN
2921,NaN
2922,NaN
2923,NaN
2924,NaN
2925,1
2926,1
2927,NaN
2928,NaN
2929,NaN
2930,NaN
2931,NaN
2932,NaN
2933,NaN
2934,NaN
2935,NaN
2936,NaN
2937,NaN
2938,NaN
2939,NaN
2940,NaN
2941,NaN
2942,NaN
2943,2
2944,NaN
2945,NaN
2946,4
2947,NaN
2948,NaN
2949,NaN
2950,NaN
2951,NaN
2952,NaN
2953,NaN
2954,NaN
2955,NaN
2956,NaN
2957,NaN
2958,NaN
2959,NaN
2960,NaN
2961,NaN
2962,NaN
2963,NaN
2964,1
2965,NaN
2966,NaN
2967,NaN
2968,NaN
2969,NaN
2970,NaN
2971,NaN
2972,NaN
2973,NaN
2974,NaN
2975,NaN
2976,NaN
2977,1
2978,NaN
2979,3
2980,1
2981,3
2982,NaN
2983,NaN
2984,NaN
2985,NaN
2986,NaN
2987,NaN
2988,NaN
2989,NaN
2990,NaN
2991,4
2992,NaN
2993,NaN
2994,2
2995,NaN
2996,NaN
2997,4
2998,NaN
2999,NaN
3000,1
3001,NaN
3002,NaN
3003,NaN
3004,NaN
3005,NaN
3006,2
3007,NaN
3008,NaN
3009,NaN
3010,NaN
3011,NaN
3012,NaN
3013,3
3014,NaN
3015,1
3016,NaN
3017,NaN
3018,NaN
3019,NaN
3020,NaN
3021,NaN
3022,NaN
3023,NaN
3024,NaN
3025,NaN
3026,NaN
3027,NaN
3028,NaN
3029,NaN
3030,NaN
3031,NaN
3032,NaN
3033,NaN
3034,5
3035,NaN
3036,NaN
3037,NaN
3038,NaN
3039,NaN
3040,NaN
3041,NaN
3042,NaN
3043,NaN
3044,NaN
3045,NaN
3046,NaN
3047,NaN
3048,NaN
3049,NaN
3050,NaN
3051,NaN
3052,NaN
3053,NaN
3054,NaN
3055,1
3056,2
3057,1
3058,NaN
3059,NaN
3060,NaN
3061,2
3062,NaN
3063,NaN
3064,NaN
3065,NaN
3066,NaN
3067,NaN
3068,4
3069,NaN
3070,NaN
3071,NaN
3072,NaN
3073,NaN
3074,NaN
3075,NaN
3076,NaN
3077,NaN
3078,NaN
3079,NaN
3080,NaN
3081,NaN
3082,3
3083,NaN
3084,5
3085,NaN
3086,NaN
3087,NaN
3088,NaN
3089,NaN
3090,NaN
3091,NaN
3092,NaN
3093,NaN
3094,NaN
3095,NaN
3096,NaN
3097,1
3098,NaN
3099,NaN
3100,NaN
3101,NaN
3102,NaN
3103,NaN
3104,NaN
3105,1
3106,NaN
3107,NaN
3108,1
3109,1
3110,NaN
3111,NaN
3112,NaN
3113,NaN
3114,1
3115,NaN
3116,NaN
3117,NaN
3118,NaN
3119,NaN
3120,NaN
3121,NaN
3122,NaN
3123,NaN
3124,NaN
3125,NaN
3126,2
3127,1
3128,NaN
3129,1
3130,NaN
3131,NaN
3132,NaN
3133,NaN
3134,NaN
3135,NaN
3136,NaN
3137,NaN
3138,NaN
3139,NaN
3140,4
3141,NaN
3142,1
3143,3
3144,7
3145,NaN
3146,2
3147,NaN
3148,1
3149,1
3150,NaN
3151,NaN
3152,NaN
3153,NaN
3154,1
3155,NaN
3156,4
3157,NaN
3158,NaN
3159,1
3160,NaN
3161,2
3162,NaN
3163,NaN
3164,NaN
3165,NaN
3166,NaN
3167,NaN
3168,NaN
3169,NaN
3170,NaN
3171,NaN
3172,NaN
3173,1
3174,1
3175,NaN
3176,NaN
3177,2
3178,NaN
3179,NaN
3180,NaN
3181,NaN
3182,NaN
3183,7
3184,NaN
3185,NaN
3186,NaN
3187,NaN
3188,NaN
3189,NaN
3190,NaN
3191,NaN
3192,NaN
3193,NaN
3194,NaN
3195,NaN
3196,NaN
3197,NaN
3198,1
3199,NaN
3200,NaN
3201,NaN
3202,NaN
3203,NaN
3204,NaN
3205,NaN
3206,NaN
3207,NaN
3208,NaN
3209,NaN
3210,NaN
3211,NaN
3212,NaN
3213,2
3214,NaN
3215,NaN
3216,NaN
3217,NaN
3218,NaN
3219,NaN
3220,NaN
3221,NaN
3222,2
3223,NaN
3224,NaN
3225,4
3226,1
3227,NaN
3228,NaN
3229,NaN
3230,NaN
3231,NaN
3232,NaN
3233,NaN
3234,3
3235,NaN
3236,NaN
3237,NaN
3238,NaN
3239,NaN
3240,1
3241,NaN
3242,NaN
3243,NaN
3244,NaN
3245,1
3246,NaN
3247,1
3248,NaN
3249,NaN
3250,NaN
3251,NaN
3252,NaN
3253,NaN
3254,NaN
3255,NaN
3256,NaN
3257,NaN
3258,NaN
3259,NaN
3260,NaN
3261,NaN
3262,NaN
3263,NaN
3264,NaN
3265,NaN
3266,1
3267,NaN
3268,NaN
3269,NaN
3270,NaN
3271,NaN
3272,NaN
3273,NaN
3274,NaN
3275,5
3276,NaN
3277,NaN
3278,NaN
3279,NaN
3280,NaN
3281,NaN
3282,NaN
3283,3
3284,NaN
3285,NaN
3286,4
3287,NaN
3288,NaN
3289,6
3290,NaN
3291,NaN
3292,NaN
3293,NaN
3294,NaN
3295,NaN
3296,NaN
3297,NaN
3298,NaN
3299,NaN
3300,NaN
3301,NaN
3302,NaN
3303,NaN
3304,NaN
3305,NaN
3306,NaN
3307,NaN
3308,NaN
3309,NaN
3310,NaN
3311,NaN
3312,NaN
3313,NaN
3314,1
3315,NaN
3316,NaN
3317,NaN
3318,NaN
3319,NaN
3320,NaN
3321,NaN
3322,NaN
3323,NaN
3324,NaN
3325,NaN
3326,2
3327,NaN
3328,NaN
3329,2
3330,3
3331,NaN
3332,NaN
3333,NaN
3334,NaN
3335,NaN
3336,NaN
3337,NaN
3338,3
3339,NaN
3340,NaN
3341,NaN
3342,NaN
3343,NaN
3344,NaN
3345,NaN
3346,NaN
3347,NaN
3348,NaN
3349,NaN
3350,NaN
3351,NaN
3352,NaN
3353,NaN
3354,NaN
3355,NaN
3356,NaN
3357,1
3358,NaN
3359,NaN
3360,NaN
3361,NaN
3362,NaN
3363,NaN
3364,NaN
3365,NaN
3366,NaN
3367,NaN
3368,NaN
3369,NaN
3370,NaN
3371,NaN
3372,NaN
3373,1
3374,NaN
3375,1
3376,NaN
3377,NaN
3378,NaN
3379,NaN
3380,NaN
3381,NaN
3382,NaN
3383,NaN
3384,NaN
3385,NaN
3386,NaN
3387,3
3388,NaN
3389,NaN
3390,NaN
3391,NaN
3392,NaN
3393,NaN
3394,NaN
3395,2
3396,NaN
3397,NaN
3398,4
3399,NaN
3400,NaN
3401,NaN
3402,NaN
3403,NaN
3404,NaN
3405,NaN
3406,NaN
3407,NaN
3408,NaN
3409,NaN
3410,NaN
3411,1
3412,2
3413,NaN
3414,NaN
3415,NaN
3416,NaN
3417,NaN
3418,NaN
3419,NaN
3420,NaN
3421,NaN
3422,NaN
3423,NaN
3424,NaN
3425,2
3426,NaN
3427,NaN
3428,NaN
3429,NaN
3430,NaN
3431,NaN
3432,2
3433,NaN
3434,NaN
3435,NaN
3436,NaN
3437,1
3438,NaN
3439,NaN
3440,NaN
3441,NaN
3442,NaN
3443,1
3444,NaN
3445,NaN
3446,NaN
3447,NaN
3448,NaN
3449,NaN
3450,NaN
3451,NaN
3452,NaN
3453,NaN
3454,NaN
3455,NaN
3456,NaN
3457,NaN
3458,NaN
3459,NaN
3460,8
3461,3
3462,NaN
3463,NaN
3464,NaN
3465,NaN
3466,NaN
3467,NaN
3468,NaN
3469,NaN
3470,NaN
3471,NaN
3472,2
3473,NaN
3474,NaN
3475,NaN
3476,NaN
3477,NaN
3478,NaN
3479,NaN
3480,NaN
3481,NaN
3482,3
3483,NaN
3484,NaN
3485,NaN
3486,NaN
3487,NaN
3488,NaN
3489,2
3490,NaN
3491,NaN
3492,6
3493,1
3494,NaN
3495,NaN
3496,NaN
3497,NaN
3498,2
3499,NaN
3500,9
3501,NaN
3502,NaN
3503,NaN
3504,NaN
3505,NaN
3506,1
3507,NaN
3508,1
3509,NaN
3510,NaN
3511,NaN
3512,NaN
3513,NaN
3514,1
3515,NaN
3516,NaN
3517,NaN
3518,NaN
3519,6
3520,NaN
3521,NaN
3522,NaN
3523,NaN
3524,2
3525,NaN
3526,NaN
3527,3
3528,NaN
3529,NaN
3530,NaN
3531,NaN
3532,NaN
3533,NaN
3534,NaN
3535,1
3536,NaN
3537,NaN
3538,NaN
3539,NaN
3540,NaN
3541,NaN
3542,NaN
3543,1
3544,NaN
3545,NaN
3546,1
3547,NaN
3548,NaN
3549,NaN
3550,NaN
3551,NaN
3552,1
3553,NaN
3554,NaN
3555,NaN
3556,NaN
3557,NaN
3558,NaN
3559,NaN
3560,NaN
3561,NaN
3562,NaN
3563,NaN
3564,NaN
3565,NaN
3566,NaN
3567,NaN
3568,1
3569,NaN
3570,NaN
3571,NaN
3572,NaN
3573,NaN
3574,NaN
3575,NaN
3576,NaN
3577,NaN
3578,NaN
3579,NaN
3580,NaN
3581,1
3582,NaN
3583,NaN
3584,1
3585,NaN
3586,NaN
3587,NaN
3588,NaN
3589,NaN
3590,NaN
3591,NaN
3592,NaN
3593,NaN
3594,NaN
3595,NaN
3596,NaN
3597,NaN
3598,NaN
3599,5
3600,NaN
3601,1
3602,NaN
3603,NaN
3604,NaN
3605,NaN
3606,NaN
3607,NaN
3608,NaN
3609,NaN
3610,NaN
3611,NaN
3612,NaN
3613,NaN
3614,NaN
3615,NaN
3616,NaN
3617,1
3618,1
3619,NaN
3620,NaN
3621,1
3622,NaN
3623,NaN
3624,4
3625,NaN
3626,NaN
3627,NaN
3628,NaN
3629,NaN
3630,NaN
3631,NaN
3632,1
3633,NaN
3634,NaN
3635,NaN
3636,4
3637,5
3638,7
3639,NaN
3640,NaN
3641,NaN
3642,NaN
3643,3
3644,NaN
3645,NaN
3646,NaN
3647,NaN
3648,3
3649,NaN
3650,NaN
3651,NaN
3652,1
3653,NaN
3654,NaN
3655,NaN
3656,NaN
3657,NaN
3658,NaN
3659,2
3660,1
3661,NaN
3662,NaN
3663,NaN
3664,5
3665,NaN
3666,NaN
3667,NaN
3668,NaN
3669,4
3670,1
3671,NaN
3672,NaN
3673,NaN
3674,1
3675,NaN
3676,NaN
3677,2
3678,NaN
3679,1
3680,2
3681,NaN
3682,NaN
3683,1
3684,NaN
3685,NaN
3686,NaN
3687,NaN
3688,NaN
3689,2
3690,NaN
3691,NaN
3692,NaN
3693,NaN
3694,NaN
3695,NaN
3696,NaN
3697,NaN
3698,NaN
3699,NaN
3700,NaN
3701,NaN
3702,NaN
3703,NaN
3704,NaN
3705,NaN
3706,NaN
3707,NaN
3708,1
3709,NaN
3710,1
3711,NaN
3712,NaN
3713,NaN
3714,NaN
3715,NaN
3716,3
3717,NaN
3718,NaN
3719,NaN
3720,NaN
3721,NaN
3722,NaN
3723,NaN
3724,NaN
3725,2
3726,NaN
3727,NaN
3728,NaN
3729,NaN
3730,NaN
3731,4
3732,NaN
3733,NaN
3734,NaN
3735,NaN
3736,NaN
3737,NaN
3738,6
3739,NaN
3740,6
3741,NaN
3742,5
3743,NaN
3744,NaN
3745,NaN
3746,NaN
3747,NaN
3748,1
3749,NaN
3750,NaN
3751,NaN
3752,NaN
3753,NaN
3754,NaN
3755,3
3756,NaN
3757,1
3758,NaN
3759,NaN
3760,9
3761,NaN
3762,NaN
3763,NaN
3764,NaN
3765,NaN
3766,NaN
3767,NaN
3768,3
3769,2
3770,NaN
3771,NaN
3772,NaN
3773,NaN
3774,NaN
3775,NaN
3776,NaN
3777,NaN
3778,NaN
3779,4
3780,NaN
3781,NaN
3782,NaN
3783,NaN
3784,NaN
3785,NaN
3786,NaN
3787,NaN
3788,NaN
3789,NaN
3790,NaN
3791,NaN
3792,NaN
3793,NaN
3794,NaN
3795,NaN
3796,NaN
3797,NaN
3798,NaN
3799,NaN
3800,NaN
3801,NaN
3802,NaN
3803,NaN
3804,NaN
3805,1
3806,NaN
3807,NaN
3808,NaN
3809,NaN
3810,NaN
3811,NaN
3812,NaN
3813,NaN
3814,NaN
3815,NaN
3816,NaN
3817,NaN
3818,NaN
3819,NaN
3820,NaN
3821,NaN
3822,NaN
3823,NaN
3824,NaN
3825,NaN
3826,NaN
3827,NaN
3828,NaN
3829,NaN
3830,NaN
3831,NaN
3832,NaN
3833,NaN
3834,NaN
3835,NaN
3836,NaN
3837,1
3838,NaN
3839,NaN
3840,NaN
3841,1
3842,NaN
3843,NaN
3844,NaN
3845,NaN
3846,NaN
3847,NaN
3848,NaN
3849,9
3850,NaN
3851,NaN
3852,NaN
3853,1
3854,NaN
3855,NaN
3856,4
3857,NaN
3858,NaN
3859,NaN
3860,NaN
3861,NaN
3862,NaN
3863,NaN
3864,NaN
3865,3
3866,NaN
3867,NaN
3868,2
3869,NaN
3870,NaN
3871,NaN
3872,NaN
3873,NaN
3874,NaN
3875,NaN
3876,NaN
3877,3
3878,NaN
3879,NaN
3880,NaN
3881,NaN
3882,NaN
3883,1
3884,11
3885,NaN
3886,NaN
3887,NaN
3888,NaN
3889,NaN
3890,NaN
3891,2
3892,NaN
3893,NaN
3894,NaN
3895,NaN
3896,NaN
3897,NaN
3898,NaN
3899,NaN
3900,1
3901,NaN
3902,NaN
3903,NaN
3904,NaN
3905,1
3906,NaN
3907,NaN
3908,NaN
3909,1
3910,NaN
3911,NaN
3912,9
3913,NaN
3914,2
3915,NaN
3916,NaN
3917,1
3918,NaN
3919,NaN
3920,NaN
3921,NaN
3922,NaN
3923,NaN
3924,NaN
3925,NaN
3926,NaN
3927,NaN
3928,4
3929,NaN
3930,NaN
3931,NaN
3932,1
3933,NaN
3934,NaN
3935,NaN
3936,NaN
3937,NaN
3938,NaN
3939,NaN
3940,1
3941,1
3942,NaN
3943,NaN
3944,10
3945,NaN
3946,NaN
3947,NaN
3948,NaN
3949,NaN
3950,NaN
3951,NaN
3952,NaN
3953,NaN
3954,NaN
3955,NaN
3956,NaN
3957,2
3958,NaN
3959,NaN
3960,NaN
3961,NaN
3962,NaN
3963,NaN
3964,NaN
3965,NaN
3966,NaN
3967,NaN
3968,NaN
3969,NaN
3970,NaN
3971,NaN
3972,NaN
3973,NaN
3974,NaN
3975,NaN
3976,NaN
3977,NaN
3978,NaN
3979,NaN
3980,NaN
3981,NaN
3982,2
3983,NaN
3984,NaN
3985,NaN
3986,NaN
3987,NaN
3988,3
3989,NaN
3990,NaN
3991,NaN
3992,NaN
3993,NaN
3994,NaN
3995,NaN
3996,NaN
3997,NaN
3998,NaN
3999,NaN
4000,NaN
4001,NaN
4002,NaN
4003,10
4004,NaN
4005,1
4006,NaN
4007,NaN
4008,1
4009,NaN
4010,NaN
4011,NaN
4012,NaN
4013,NaN
4014,NaN
4015,NaN
4016,NaN
4017,NaN
4018,3
4019,NaN
4020,NaN
4021,NaN
4022,NaN
4023,NaN
4024,NaN
4025,NaN
4026,NaN
4027,NaN
4028,NaN
4029,NaN
4030,NaN
4031,NaN
4032,1
4033,NaN
4034,NaN
4035,NaN
4036,NaN
4037,NaN
4038,NaN
4039,NaN
4040,NaN
4041,NaN
4042,NaN
4043,NaN
4044,6
4045,NaN
4046,NaN
4047,NaN
4048,NaN
4049,NaN
4050,NaN
4051,1
4052,NaN
4053,NaN
4054,NaN
4055,NaN
4056,NaN
4057,NaN
4058,NaN
4059,NaN
4060,NaN
4061,NaN
4062,NaN
4063,NaN
4064,NaN
4065,1
4066,5
4067,5
4068,NaN
4069,NaN
4070,1
4071,NaN
4072,NaN
4073,NaN
4074,NaN
4075,NaN
4076,NaN
4077,NaN
4078,NaN
4079,NaN
4080,NaN
4081,NaN
4082,NaN
4083,1
4084,NaN
4085,NaN
4086,NaN
4087,NaN
4088,NaN
4089,NaN
4090,NaN
4091,NaN
4092,1
4093,NaN
4094,NaN
4095,NaN
4096,NaN
4097,NaN
4098,NaN
4099,NaN
4100,6
4101,NaN
4102,NaN
4103,NaN
4104,NaN
4105,4
4106,NaN
4107,NaN
4108,NaN
4109,NaN
4110,NaN
4111,2
4112,NaN
4113,NaN
4114,NaN
4115,1
4116,NaN
4117,NaN
4118,NaN
4119,NaN
4120,NaN
4121,NaN
4122,NaN
4123,NaN
4124,1
4125,1
4126,NaN
4127,NaN
4128,NaN
4129,NaN
4130,NaN
4131,NaN
4132,NaN
4133,1
4134,NaN
4135,NaN
4136,NaN
4137,NaN
4138,NaN
4139,NaN
4140,NaN
4141,6
4142,NaN
4143,NaN
4144,NaN
4145,NaN
4146,3
4147,NaN
4148,NaN
4149,1
4150,NaN
4151,NaN
4152,NaN
4153,NaN
4154,1
4155,1
4156,NaN
4157,NaN
4158,NaN
4159,NaN
4160,NaN
4161,NaN
4162,1
4163,NaN
4164,NaN
4165,NaN
4166,NaN
4167,NaN
4168,NaN
4169,2
4170,1
4171,1
4172,NaN
4173,NaN
4174,NaN
4175,NaN
4176,NaN
4177,1
4178,NaN
4179,NaN
4180,NaN
4181,NaN
4182,NaN
4183,NaN
4184,2
4185,NaN
4186,2
4187,NaN
4188,1
4189,NaN
4190,NaN
4191,NaN
4192,NaN
4193,20
4194,NaN
4195,NaN
4196,NaN
4197,NaN
4198,1
4199,NaN
4200,NaN
4201,NaN
4202,1
4203,2
4204,NaN
4205,NaN
4206,1
4207,NaN
4208,NaN
4209,NaN
4210,NaN
4211,NaN
4212,NaN
4213,NaN
4214,NaN
4215,NaN
4216,NaN
4217,NaN
4218,NaN
4219,NaN
4220,NaN
4221,NaN
4222,NaN
4223,NaN
4224,NaN
4225,NaN
4226,2
4227,NaN
4228,NaN
4229,NaN
4230,NaN
4231,NaN
4232,NaN
4233,NaN
4234,1
4235,NaN
4236,NaN
4237,NaN
4238,NaN
4239,NaN
4240,NaN
4241,1
4242,NaN
4243,NaN
4244,NaN
4245,NaN
4246,NaN
4247,NaN
4248,NaN
4249,1
4250,NaN
4251,NaN
4252,NaN
4253,NaN
4254,NaN
4255,NaN
4256,NaN
4257,3
4258,NaN
4259,3
4260,2
4261,1
4262,NaN
4263,1
4264,NaN
4265,NaN
4266,1
4267,NaN
4268,NaN
4269,NaN
4270,NaN
4271,NaN
4272,NaN
4273,NaN
4274,6
4275,NaN
4276,NaN
4277,NaN
4278,NaN
4279,NaN
4280,NaN
4281,NaN
4282,3
4283,NaN
4284,NaN
4285,NaN
4286,NaN
4287,1
4288,NaN
4289,NaN
4290,5
4291,NaN
4292,3
4293,NaN
4294,NaN
4295,NaN
4296,NaN
4297,NaN
4298,NaN
4299,NaN
4300,NaN
4301,NaN
4302,NaN
4303,NaN
4304,NaN
4305,NaN
4306,NaN
4307,NaN
4308,NaN
4309,NaN
4310,NaN
4311,NaN
4312,NaN
4313,NaN
4314,NaN
4315,NaN
4316,NaN
4317,2
4318,NaN
4319,NaN
4320,NaN
4321,NaN
4322,NaN
4323,NaN
4324,1
4325,NaN
4326,NaN
4327,2
4328,NaN
4329,NaN
4330,NaN
4331,NaN
4332,NaN
4333,NaN
4334,NaN
4335,NaN
4336,NaN
4337,NaN
4338,NaN
4339,3
4340,NaN
4341,NaN
4342,NaN
4343,NaN
4344,NaN
4345,NaN
4346,NaN
4347,1
4348,NaN
4349,NaN
4350,NaN
4351,NaN
4352,NaN
4353,NaN
4354,NaN
4355,NaN
4356,NaN
4357,NaN
4358,NaN
4359,NaN
4360,NaN
4361,NaN
4362,NaN
4363,NaN
4364,NaN
4365,NaN
4366,NaN
4367,NaN
4368,NaN
4369,NaN
4370,1
4371,NaN
4372,NaN
4373,NaN
4374,NaN
4375,NaN
4376,NaN
4377,NaN
4378,NaN
4379,NaN
4380,NaN
4381,NaN
4382,2
4383,NaN
4384,NaN
4385,NaN
4386,1
4387,NaN
4388,NaN
4389,NaN
4390,1
4391,NaN
4392,NaN
4393,NaN
4394,NaN
4395,NaN
4396,NaN
4397,2
4398,NaN
4399,NaN
4400,NaN
4401,NaN
4402,NaN
4403,NaN
4404,1
4405,NaN
4406,NaN
4407,NaN
4408,NaN
4409,2
4410,NaN
4411,NaN
4412,NaN
4413,NaN
4414,NaN
4415,NaN
4416,4
4417,NaN
4418,NaN
4419,NaN
4420,NaN
4421,NaN
4422,NaN
4423,NaN
4424,2
4425,NaN
4426,NaN
4427,NaN
4428,2
4429,NaN
4430,NaN
4431,NaN
4432,NaN
4433,NaN
4434,NaN
4435,4
4436,8
4437,NaN
4438,NaN
4439,NaN
4440,NaN
4441,NaN
4442,NaN
4443,NaN
4444,NaN
4445,4
4446,NaN
4447,3
4448,NaN
4449,NaN
4450,NaN
4451,NaN
4452,NaN
4453,NaN
4454,NaN
4455,NaN
4456,NaN
4457,NaN
4458,NaN
4459,NaN
4460,1
4461,1
4462,NaN
4463,NaN
4464,NaN
4465,NaN
4466,NaN
4467,NaN
4468,NaN
4469,NaN
4470,2
4471,2
4472,1
4473,NaN
4474,NaN
4475,NaN
4476,NaN
4477,NaN
4478,NaN
4479,NaN
4480,NaN
4481,NaN
4482,NaN
4483,1
4484,NaN
4485,1
4486,NaN
4487,NaN
4488,NaN
4489,NaN
4490,NaN
4491,NaN
4492,1
4493,NaN
4494,NaN
4495,NaN
4496,NaN
4497,NaN
4498,NaN
4499,NaN
4500,NaN
4501,NaN
4502,NaN
4503,NaN
4504,NaN
4505,NaN
4506,NaN
4507,NaN
4508,NaN
4509,NaN
4510,NaN
4511,NaN
4512,NaN
4513,3
4514,NaN
4515,NaN
4516,NaN
4517,2
4518,5
4519,NaN
4520,NaN
4521,NaN
4522,NaN
4523,NaN
4524,NaN
4525,NaN
4526,NaN
4527,NaN
4528,1
4529,NaN
4530,NaN
4531,NaN
4532,NaN
4533,NaN
4534,NaN
4535,NaN
4536,NaN
4537,NaN
4538,NaN
4539,1
4540,NaN
4541,NaN
4542,NaN
4543,NaN
4544,1
4545,NaN
4546,2
4547,NaN
4548,NaN
4549,NaN
4550,1
4551,NaN
4552,NaN
4553,1
4554,1
4555,NaN
4556,NaN
4557,NaN
4558,NaN
4559,NaN
4560,NaN
4561,1
4562,NaN
4563,NaN
4564,NaN
4565,NaN
4566,NaN
4567,NaN
4568,NaN
4569,NaN
4570,NaN
4571,NaN
4572,NaN
4573,NaN
4574,NaN
4575,1
4576,NaN
4577,NaN
4578,NaN
4579,NaN
4580,5
4581,NaN
4582,NaN
4583,NaN
4584,NaN
4585,NaN
4586,NaN
4587,NaN
4588,NaN
4589,NaN
4590,4
4591,1
4592,1
4593,NaN
4594,NaN
4595,NaN
4596,NaN
4597,NaN
4598,NaN
4599,NaN
4600,NaN
4601,NaN
4602,NaN
4603,NaN
4604,NaN
4605,NaN
4606,NaN
4607,2
4608,NaN
4609,NaN
4610,NaN
4611,NaN
4612,1
4613,NaN
4614,3
4615,1
4616,NaN
4617,NaN
4618,NaN
4619,NaN
4620,NaN
4621,NaN
4622,NaN
4623,NaN
4624,NaN
4625,NaN
4626,NaN
4627,NaN
4628,NaN
4629,NaN
4630,NaN
4631,NaN
4632,NaN
4633,NaN
4634,NaN
4635,NaN
4636,NaN
4637,NaN
4638,NaN
4639,NaN
4640,NaN
4641,NaN
4642,NaN
4643,2
4644,NaN
4645,NaN
4646,NaN
4647,NaN
4648,NaN
4649,NaN
4650,NaN
4651,NaN
4652,NaN
4653,1
4654,NaN
4655,NaN
4656,NaN
4657,NaN
4658,NaN
4659,2
4660,NaN
4661,NaN
4662,NaN
4663,2
4664,NaN
4665,NaN
4666,NaN
4667,NaN
4668,4
4669,4
4670,NaN
4671,NaN
4672,NaN
4673,NaN
4674,NaN
4675,NaN
4676,NaN
4677,NaN
4678,NaN
4679,5
4680,NaN
4681,NaN
4682,1
4683,NaN
4684,NaN
4685,NaN
4686,NaN
4687,NaN
4688,NaN
4689,NaN
4690,NaN
4691,NaN
4692,NaN
4693,NaN
4694,NaN
4695,NaN
4696,NaN
4697,NaN
4698,NaN
4699,NaN
4700,NaN
4701,NaN
4702,NaN
4703,NaN
4704,2
4705,NaN
4706,NaN
4707,5
4708,NaN
4709,NaN
4710,5
4711,NaN
4712,NaN
4713,NaN
4714,NaN
4715,NaN
4716,NaN
4717,NaN
4718,NaN
4719,NaN
4720,NaN
4721,NaN
4722,NaN
4723,NaN
4724,NaN
4725,NaN
4726,NaN
4727,NaN
4728,NaN
4729,NaN
4730,NaN
4731,NaN
4732,NaN
4733,1
4734,NaN
4735,1
4736,NaN
4737,1
4738,NaN
4739,NaN
4740,NaN
4741,NaN
4742,NaN
4743,NaN
4744,NaN
4745,NaN
4746,NaN
4747,NaN
4748,NaN
4749,NaN
4750,NaN
4751,NaN
4752,NaN
4753,3
4754,NaN
4755,NaN
4756,NaN
4757,NaN
4758,NaN
4759,NaN
4760,NaN
4761,NaN
4762,NaN
4763,NaN
4764,NaN
4765,NaN
4766,2
4767,1
4768,NaN
4769,NaN
4770,NaN
4771,NaN
4772,NaN
4773,NaN
4774,1
4775,NaN
4776,NaN
4777,NaN
4778,NaN
4779,NaN
4780,NaN
4781,NaN
4782,NaN
4783,NaN
4784,NaN
4785,NaN
4786,NaN
4787,NaN
4788,NaN
4789,NaN
4790,NaN
4791,1
4792,NaN
4793,NaN
4794,NaN
4795,NaN
4796,NaN
4797,NaN
4798,2
4799,NaN
4800,NaN
4801,NaN
4802,2
4803,2
4804,NaN
4805,NaN
4806,NaN
4807,NaN
4808,NaN
4809,5
4810,NaN
4811,NaN
4812,NaN
4813,NaN
4814,NaN
4815,1
4816,NaN
4817,NaN
4818,2
4819,NaN
4820,NaN
4821,NaN
4822,NaN
4823,NaN
4824,NaN
4825,NaN
4826,NaN
4827,NaN
4828,NaN
4829,NaN
4830,NaN
4831,NaN
4832,NaN
4833,NaN
4834,NaN
4835,5
4836,NaN
4837,NaN
4838,1
4839,2
4840,NaN
4841,NaN
4842,NaN
4843,NaN
4844,NaN
4845,NaN
4846,NaN
4847,NaN
4848,NaN
4849,NaN
4850,NaN
4851,NaN
4852,NaN
4853,NaN
4854,2
4855,NaN
4856,NaN
4857,NaN
4858,NaN
4859,NaN
4860,NaN
4861,1
4862,3
4863,3
4864,NaN
4865,NaN
4866,NaN
4867,NaN
4868,NaN
4869,NaN
4870,3
4871,NaN
4872,NaN
4873,NaN
4874,NaN
4875,NaN
4876,NaN
4877,NaN
4878,NaN
4879,NaN
4880,4
4881,NaN
4882,NaN
4883,NaN
4884,NaN
4885,1
4886,NaN
4887,NaN
4888,NaN
4889,NaN
4890,NaN
4891,NaN
4892,4
4893,NaN
4894,NaN
4895,NaN
4896,NaN
4897,3
4898,3
4899,NaN
4900,NaN
4901,NaN
4902,NaN
4903,NaN
4904,NaN
4905,4
4906,NaN
4907,NaN
4908,NaN
4909,1
4910,NaN
4911,NaN
4912,NaN
4913,NaN
4914,NaN
4915,NaN
4916,NaN
4917,NaN
4918,NaN
4919,1
4920,NaN
4921,NaN
4922,NaN
4923,NaN
4924,NaN
4925,NaN
4926,2
4927,NaN
4928,NaN
4929,NaN
4930,2
4931,NaN
4932,NaN
4933,NaN
4934,NaN
4935,NaN
4936,NaN
4937,NaN
4938,NaN
4939,NaN
4940,NaN
4941,NaN
4942,NaN
4943,1
4944,NaN
4945,NaN
4946,NaN
4947,NaN
4948,1
4949,NaN
4950,NaN
4951,NaN
4952,1
4953,NaN
4954,NaN
4955,NaN
4956,NaN
4957,NaN
4958,NaN
4959,NaN
4960,NaN
4961,NaN
4962,NaN
4963,NaN
4964,NaN
4965,NaN
4966,NaN
4967,NaN
4968,NaN
4969,NaN
4970,NaN
4971,2
4972,NaN
4973,NaN
4974,NaN
4975,1
4976,NaN
4977,NaN
4978,NaN
4979,NaN
4980,NaN
4981,1
4982,NaN
4983,NaN
4984,1
4985,NaN
4986,NaN
4987,NaN
4988,NaN
4989,NaN
4990,NaN
4991,NaN
4992,NaN
4993,NaN
4994,NaN
4995,NaN
4996,NaN
4997,3
4998,NaN
4999,NaN
5000,NaN
5001,NaN
5002,2
5003,NaN
5004,NaN
5005,NaN
5006,NaN
5007,NaN
5008,NaN
5009,NaN
5010,NaN
5011,NaN
5012,NaN
5013,NaN
5014,NaN
5015,NaN
5016,NaN
5017,NaN
5018,NaN
5019,NaN
5020,3
5021,3
5022,NaN
5023,NaN
5024,1
5025,1
5026,NaN
5027,NaN
5028,NaN
5029,1
5030,NaN
5031,NaN
5032,NaN
5033,NaN
5034,NaN
5035,NaN
5036,NaN
5037,NaN
5038,NaN
5039,NaN
5040,NaN
5041,NaN
5042,NaN
5043,NaN
5044,1
5045,NaN
5046,NaN
5047,NaN
5048,NaN
5049,NaN
5050,NaN
5051,NaN
5052,NaN
5053,NaN
5054,NaN
5055,2
5056,NaN
5057,NaN
5058,NaN
5059,NaN
5060,NaN
5061,NaN
5062,NaN
5063,NaN
5064,NaN
5065,NaN
5066,NaN
5067,NaN
5068,NaN
5069,NaN
5070,NaN
5071,5
5072,NaN
5073,NaN
5074,NaN
5075,NaN
5076,NaN
5077,1
5078,NaN
5079,NaN
5080,NaN
5081,1
5082,1
5083,NaN
5084,NaN
5085,NaN
5086,NaN
5087,NaN
5088,NaN
5089,NaN
5090,NaN
5091,NaN
5092,NaN
5093,1
5094,NaN
5095,NaN
5096,NaN
5097,1
5098,NaN
5099,3
5100,NaN
5101,NaN
5102,1
5103,NaN
5104,1
5105,NaN
5106,NaN
5107,NaN
5108,NaN
5109,NaN
5110,NaN
5111,3
5112,NaN
5113,NaN
5114,NaN
5115,NaN
5116,NaN
5117,NaN
5118,3
5119,NaN
5120,NaN
5121,NaN
5122,NaN
5123,NaN
5124,NaN
5125,NaN
5126,NaN
5127,NaN
5128,NaN
5129,NaN
5130,NaN
5131,2
5132,NaN
5133,NaN
5134,NaN
5135,3
5136,NaN
5137,NaN
5138,NaN
5139,NaN
5140,NaN
5141,NaN
5142,NaN
5143,NaN
5144,NaN
5145,NaN
5146,NaN
5147,NaN
5148,NaN
5149,NaN
5150,NaN
5151,NaN
5152,NaN
5153,NaN
5154,NaN
5155,NaN
5156,NaN
5157,NaN
5158,NaN
5159,NaN
5160,2
5161,3
5162,NaN
5163,3
5164,NaN
5165,NaN
5166,2
5167,NaN
5168,NaN
5169,2
5170,3
5171,NaN
5172,3
5173,NaN
5174,NaN
5175,5
5176,NaN
5177,NaN
5178,NaN
5179,NaN
5180,NaN
5181,NaN
5182,NaN
5183,NaN
5184,NaN
5185,NaN
5186,NaN
5187,NaN
5188,NaN
5189,NaN
5190,NaN
5191,NaN
5192,NaN
5193,NaN
5194,NaN
5195,NaN
5196,NaN
5197,2
5198,NaN
5199,NaN
5200,1
5201,6
5202,NaN
5203,NaN
5204,NaN
5205,1
5206,NaN
5207,NaN
5208,4
5209,NaN
5210,NaN
5211,NaN
5212,NaN
5213,3
5214,NaN
5215,NaN
5216,NaN
5217,NaN
5218,NaN
5219,3
5220,NaN
5221,3
5222,NaN
5223,NaN
5224,1
5225,NaN
5226,NaN
5227,NaN
5228,NaN
5229,NaN
5230,NaN
5231,NaN
5232,NaN
5233,1
5234,NaN
5235,NaN
5236,NaN
5237,NaN
5238,NaN
5239,NaN
5240,NaN
5241,NaN
5242,NaN
5243,NaN
5244,NaN
5245,NaN
5246,NaN
5247,NaN
5248,NaN
5249,NaN
5250,NaN
5251,NaN
5252,NaN
5253,NaN
5254,NaN
5255,NaN
5256,2
5257,NaN
5258,NaN
5259,NaN
5260,NaN
5261,NaN
5262,NaN
5263,NaN
5264,NaN
5265,NaN
5266,NaN
5267,NaN
5268,NaN
5269,3
5270,3
5271,NaN
5272,NaN
5273,NaN
5274,NaN
5275,NaN
5276,NaN
5277,4
5278,NaN
5279,NaN
5280,NaN
5281,NaN
5282,NaN
5283,NaN
5284,NaN
5285,NaN
5286,1
5287,NaN
5288,NaN
5289,NaN
5290,1
5291,NaN
5292,NaN
5293,1
5294,NaN
5295,NaN
5296,1
5297,NaN
5298,NaN
5299,NaN
5300,1
5301,NaN
5302,NaN
5303,NaN
5304,NaN
5305,1
5306,3
5307,NaN
5308,1
5309,NaN
5310,NaN
5311,NaN
5312,1
5313,NaN
5314,NaN
5315,1
5316,2
5317,NaN
5318,NaN
5319,5
5320,NaN
5321,NaN
5322,NaN
5323,NaN
5324,NaN
5325,NaN
5326,NaN
5327,NaN
5328,NaN
5329,NaN
5330,NaN
5331,NaN
5332,NaN
5333,NaN
5334,NaN
5335,NaN
5336,1
5337,NaN
5338,NaN
5339,NaN
5340,NaN
5341,1
5342,NaN
5343,1
5344,1
5345,NaN
5346,NaN
5347,NaN
5348,NaN
5349,NaN
5350,NaN
5351,NaN
5352,NaN
5353,1
5354,NaN
5355,2
5356,NaN
5357,NaN
5358,NaN
5359,NaN
5360,NaN
5361,NaN
5362,NaN
5363,NaN
5364,1
5365,NaN
5366,NaN
5367,NaN
5368,NaN
5369,NaN
5370,NaN
5371,NaN
5372,NaN
5373,NaN
5374,NaN
5375,NaN
5376,NaN
5377,NaN
5378,1
5379,NaN
5380,NaN
5381,NaN
5382,NaN
5383,NaN
5384,NaN
5385,NaN
5386,NaN
5387,2
5388,NaN
5389,NaN
5390,2
5391,1
5392,1
5393,NaN
5394,NaN
5395,3
5396,NaN
5397,NaN
5398,NaN
5399,NaN
5400,NaN
5401,NaN
5402,NaN
5403,NaN
5404,NaN
5405,NaN
5406,NaN
5407,NaN
5408,3
5409,NaN
5410,2
5411,NaN
5412,NaN
5413,NaN
5414,NaN
5415,NaN
5416,NaN
5417,NaN
5418,1
5419,NaN
5420,NaN
5421,NaN
5422,NaN
5423,NaN
5424,NaN
5425,NaN
5426,NaN
5427,NaN
5428,NaN
5429,NaN
5430,NaN
5431,NaN
5432,NaN
5433,1
5434,NaN
5435,NaN
5436,NaN
5437,1
5438,NaN
5439,NaN
5440,NaN
5441,NaN
5442,NaN
5443,NaN
5444,NaN
5445,NaN
5446,NaN
5447,NaN
5448,NaN
5449,NaN
5450,NaN
5451,NaN
5452,NaN
5453,1
5454,NaN
5455,NaN
5456,NaN
5457,NaN
5458,NaN
5459,NaN
5460,NaN
5461,NaN
5462,NaN
5463,NaN
5464,NaN
5465,NaN
5466,1
5467,NaN
5468,NaN
5469,NaN
5470,NaN
5471,NaN
5472,NaN
5473,2
5474,NaN
5475,NaN
5476,1
5477,5
5478,NaN
5479,NaN
5480,NaN
5481,NaN
5482,NaN
5483,NaN
5484,NaN
5485,NaN
5486,NaN
5487,2
5488,NaN
5489,NaN
5490,NaN
5491,1
5492,NaN
5493,1
5494,NaN
5495,NaN
5496,NaN
5497,NaN
5498,2
5499,NaN
5500,NaN
5501,1
5502,NaN
5503,NaN
5504,NaN
5505,NaN
5506,NaN
5507,NaN
5508,NaN
5509,NaN
5510,NaN
5511,NaN
5512,NaN
5513,NaN
5514,NaN
5515,1
5516,NaN
5517,NaN
5518,NaN
5519,NaN
5520,NaN
5521,NaN
5522,NaN
5523,NaN
5524,NaN
5525,NaN
5526,NaN
5527,NaN
5528,NaN
5529,NaN
5530,NaN
5531,1
5532,NaN
5533,NaN
5534,NaN
5535,NaN
5536,NaN
5537,NaN
5538,NaN
5539,1
5540,NaN
5541,2
5542,NaN
5543,3
5544,NaN
5545,NaN
5546,NaN
5547,NaN
5548,NaN
5549,NaN
5550,1
5551,NaN
5552,NaN
5553,NaN
5554,NaN
5555,NaN
5556,NaN
5557,NaN
5558,NaN
5559,NaN
5560,NaN
5561,NaN
5562,NaN
5563,NaN
5564,NaN
5565,NaN
5566,1
5567,NaN
5568,NaN
5569,NaN
5570,NaN
5571,2
5572,NaN
5573,NaN
5574,NaN
5575,NaN
5576,NaN
5577,NaN
5578,NaN
5579,NaN
5580,NaN
5581,NaN
5582,6
5583,NaN
5584,NaN
5585,NaN
5586,NaN
5587,NaN
5588,3
5589,NaN
5590,NaN
5591,NaN
5592,NaN
5593,NaN
5594,NaN
5595,NaN
5596,NaN
5597,NaN
5598,NaN
5599,NaN
5600,NaN
5601,NaN
5602,NaN
5603,1
5604,1
5605,1
5606,1
5607,NaN
5608,1
5609,NaN
5610,NaN
5611,NaN
5612,NaN
5613,NaN
5614,NaN
5615,NaN
5616,2
5617,NaN
5618,NaN
5619,NaN
5620,NaN
5621,1
5622,NaN
5623,NaN
5624,NaN
5625,NaN
5626,NaN
5627,NaN
5628,NaN
5629,NaN
5630,2
5631,NaN
5632,NaN
5633,NaN
5634,NaN
5635,NaN
5636,NaN
5637,NaN
5638,9
5639,4
5640,NaN
5641,NaN
5642,NaN
5643,NaN
5644,NaN
5645,NaN
5646,1
5647,NaN
5648,NaN
5649,NaN
5650,NaN
5651,NaN
5652,NaN
5653,NaN
5654,NaN
5655,NaN
5656,NaN
5657,NaN
5658,NaN
5659,NaN
5660,NaN
5661,NaN
5662,NaN
5663,4
5664,NaN
5665,NaN
5666,NaN
5667,NaN
5668,NaN
5669,NaN
5670,NaN
5671,NaN
5672,NaN
5673,NaN
5674,NaN
5675,NaN
5676,1
5677,NaN
5678,NaN
5679,3
5680,NaN
5681,NaN
5682,NaN
5683,3
5684,NaN
5685,NaN
5686,NaN
5687,1
5688,NaN
5689,NaN
5690,NaN
5691,NaN
5692,2
5693,1
5694,NaN
5695,NaN
5696,NaN
5697,5
5698,NaN
5699,NaN
5700,NaN
5701,NaN
5702,1
5703,NaN
5704,NaN
5705,NaN
5706,NaN
5707,NaN
5708,NaN
5709,NaN
5710,NaN
5711,NaN
5712,NaN
5713,NaN
5714,NaN
5715,NaN
5716,NaN
5717,NaN
5718,NaN
5719,NaN
5720,NaN
5721,NaN
5722,3
5723,NaN
5724,NaN
5725,NaN
5726,NaN
5727,1
5728,NaN
5729,1
5730,NaN
5731,NaN
5732,NaN
5733,NaN
5734,NaN
5735,6
5736,NaN
5737,NaN
5738,NaN
5739,NaN
5740,9
5741,1
5742,NaN
5743,NaN
5744,NaN
5745,NaN
5746,NaN
5747,NaN
5748,NaN
5749,NaN
5750,NaN
5751,NaN
5752,NaN
5753,NaN
5754,NaN
5755,NaN
5756,NaN
5757,1
5758,NaN
5759,NaN
5760,2
5761,NaN
5762,NaN
5763,NaN
5764,NaN
5765,NaN
5766,NaN
5767,NaN
5768,NaN
5769,NaN
5770,NaN
5771,NaN
5772,NaN
5773,NaN
5774,NaN
5775,NaN
5776,NaN
5777,NaN
5778,NaN
5779,NaN
5780,NaN
5781,NaN
5782,NaN
5783,NaN
5784,1
5785,NaN
5786,NaN
5787,NaN
5788,NaN
5789,NaN
5790,NaN
5791,NaN
5792,NaN
5793,NaN
5794,NaN
5795,NaN
5796,NaN
5797,NaN
5798,2
5799,NaN
5800,NaN
5801,NaN
5802,NaN
5803,3
5804,NaN
5805,NaN
5806,NaN
5807,NaN
5808,NaN
5809,NaN
5810,NaN
5811,NaN
5812,NaN
5813,NaN
5814,NaN
5815,NaN
5816,NaN
5817,NaN
5818,NaN
5819,NaN
5820,NaN
5821,NaN
5822,NaN
5823,2
5824,NaN
5825,NaN
5826,NaN
5827,NaN
5828,NaN
5829,NaN
5830,NaN
5831,NaN
5832,NaN
5833,NaN
5834,NaN
5835,NaN
5836,1
5837,NaN
5838,NaN
5839,1
5840,NaN
5841,NaN
5842,NaN
5843,NaN
5844,NaN
5845,NaN
5846,NaN
5847,NaN
5848,NaN
5849,NaN
5850,NaN
5851,NaN
5852,NaN
5853,NaN
5854,NaN
5855,NaN
5856,4
5857,NaN
5858,NaN
5859,NaN
5860,NaN
5861,NaN
5862,NaN
5863,NaN
5864,NaN
5865,NaN
5866,NaN
5867,1
5868,NaN
5869,NaN
5870,NaN
5871,3
5872,NaN
5873,NaN
5874,NaN
5875,NaN
5876,NaN
5877,NaN
5878,NaN
5879,1
5880,NaN
5881,NaN
5882,NaN
5883,3
5884,NaN
5885,NaN
5886,NaN
5887,NaN
5888,NaN
5889,NaN
5890,NaN
5891,1
5892,NaN
5893,NaN
5894,NaN
5895,NaN
5896,NaN
5897,3
5898,NaN
5899,1
5900,NaN
5901,NaN
5902,1
5903,NaN
5904,NaN
5905,5
5906,NaN
5907,1
5908,NaN
5909,NaN
5910,NaN
5911,NaN
5912,NaN
5913,NaN
5914,NaN
5915,NaN
5916,3
5917,NaN
5918,1
5919,NaN
5920,NaN
5921,NaN
5922,NaN
5923,2
5924,NaN
5925,NaN
5926,NaN
5927,NaN
5928,NaN
5929,NaN
5930,NaN
5931,2
5932,NaN
5933,NaN
5934,NaN
5935,NaN
5936,NaN
5937,NaN
5938,NaN
5939,NaN
5940,NaN
5941,NaN
5942,NaN
5943,NaN
5944,NaN
5945,NaN
5946,NaN
5947,NaN
5948,NaN
5949,NaN
5950,NaN
5951,NaN
5952,NaN
5953,2
5954,1
5955,NaN
5956,NaN
5957,NaN
5958,NaN
5959,NaN
5960,NaN
5961,NaN
5962,3
5963,NaN
5964,NaN
5965,NaN
5966,2
5967,NaN
5968,3
5969,NaN
5970,NaN
5971,NaN
5972,NaN
5973,NaN
5974,1
5975,NaN
5976,NaN
5977,1
5978,NaN
5979,NaN
5980,NaN
5981,NaN
5982,NaN
5983,NaN
5984,NaN
5985,1
5986,NaN
5987,NaN
5988,NaN
5989,NaN
5990,NaN
5991,NaN
5992,NaN
5993,NaN
5994,NaN
5995,1
5996,NaN
5997,NaN
5998,NaN
5999,NaN
6000,1
6001,NaN
6002,NaN
6003,NaN
6004,NaN
6005,NaN
6006,NaN
6007,NaN
6008,1
6009,NaN
6010,NaN
6011,NaN
6012,4
6013,NaN
6014,NaN
6015,NaN
6016,NaN
6017,NaN
6018,NaN
6019,1
6020,NaN
6021,2
6022,NaN
6023,NaN
6024,NaN
6025,NaN
6026,NaN
6027,NaN
6028,NaN
6029,NaN
6030,NaN
6031,NaN
6032,NaN
6033,NaN
6034,NaN
6035,NaN
6036,NaN
6037,NaN
6038,NaN
6039,NaN
6040,NaN
6041,NaN
6042,NaN
6043,NaN
6044,NaN
6045,NaN
6046,NaN
6047,NaN
6048,1
6049,NaN
6050,NaN
6051,NaN
6052,NaN
6053,NaN
6054,1
6055,NaN
6056,NaN
6057,NaN
6058,NaN
6059,NaN
6060,NaN
6061,1
6062,NaN
6063,NaN
6064,NaN
6065,NaN
6066,NaN
6067,NaN
6068,NaN
6069,1
6070,NaN
6071,NaN
6072,NaN
6073,NaN
6074,1
6075,NaN
6076,NaN
6077,NaN
6078,NaN
6079,NaN
6080,NaN
6081,NaN
6082,2
6083,3
6084,NaN
6085,NaN
6086,NaN
6087,NaN
6088,NaN
6089,NaN
6090,NaN
6091,NaN
6092,NaN
6093,3
6094,NaN
6095,NaN
6096,NaN
6097,NaN
6098,NaN
6099,NaN
6100,NaN
6101,NaN
6102,NaN
6103,2
6104,1
6105,NaN
6106,NaN
6107,NaN
6108,NaN
6109,NaN
6110,NaN
6111,NaN
6112,NaN
6113,NaN
6114,NaN
6115,NaN
6116,3
6117,NaN
6118,NaN
6119,NaN
6120,NaN
6121,NaN
6122,NaN
6123,NaN
6124,NaN
6125,NaN
6126,NaN
6127,1
6128,NaN
6129,NaN
6130,NaN
6131,2
6132,NaN
6133,NaN
6134,NaN
6135,NaN
6136,4
6137,NaN
6138,NaN
6139,3
6140,NaN
6141,2
6142,NaN
6143,NaN
6144,NaN
6145,NaN
6146,NaN
6147,NaN
6148,NaN
6149,NaN
6150,NaN
6151,NaN
6152,NaN
6153,2
6154,NaN
6155,2
6156,NaN
6157,NaN
6158,NaN
6159,2
6160,2
6161,NaN
6162,NaN
6163,NaN
6164,1
6165,1
6166,NaN
6167,NaN
6168,NaN
6169,NaN
6170,NaN
6171,NaN
6172,NaN
6173,NaN
6174,NaN
6175,NaN
6176,NaN
6177,NaN
6178,3
6179,NaN
6180,NaN
6181,NaN
6182,NaN
6183,NaN
6184,NaN
6185,3
6186,NaN
6187,NaN
6188,NaN
6189,NaN
6190,NaN
6191,1
6192,NaN
6193,NaN
6194,NaN
6195,NaN
6196,1
6197,NaN
6198,NaN
6199,NaN
6200,NaN
6201,NaN
6202,NaN
6203,3
6204,NaN
6205,1
6206,NaN
6207,NaN
6208,2
6209,1
6210,NaN
6211,NaN
6212,NaN
6213,NaN
6214,NaN
6215,NaN
6216,NaN
6217,NaN
6218,NaN
6219,NaN
6220,2
6221,NaN
6222,NaN
6223,NaN
6224,NaN
6225,NaN
6226,NaN
6227,NaN
6228,NaN
6229,NaN
6230,NaN
6231,NaN
6232,2
6233,NaN
6234,NaN
6235,NaN
6236,NaN
6237,NaN
6238,NaN
6239,NaN
6240,NaN
6241,1
6242,NaN
6243,NaN
6244,NaN
6245,NaN
6246,NaN
6247,1
6248,NaN
6249,NaN
6250,NaN
6251,NaN
6252,NaN
6253,NaN
6254,NaN
6255,NaN
6256,NaN
6257,NaN
6258,NaN
6259,2
6260,3
6261,1
6262,NaN
6263,NaN
6264,NaN
6265,NaN
6266,1
6267,NaN
6268,NaN
6269,NaN
6270,NaN
6271,NaN
6272,1
6273,NaN
6274,NaN
6275,NaN
6276,NaN
6277,NaN
6278,NaN
6279,1
6280,NaN
6281,NaN
6282,NaN
6283,NaN
6284,1
6285,NaN
6286,NaN
6287,3
6288,NaN
6289,1
6290,NaN
6291,NaN
6292,NaN
6293,NaN
6294,NaN
6295,NaN
6296,NaN
6297,NaN
6298,NaN
6299,1
6300,NaN
6301,NaN
6302,NaN
6303,NaN
6304,NaN
6305,NaN
6306,NaN
6307,NaN
6308,2
6309,NaN
6310,NaN
6311,NaN
6312,2
6313,NaN
6314,NaN
6315,NaN
6316,NaN
6317,NaN
6318,NaN
6319,NaN
6320,2
6321,2
6322,NaN
6323,NaN
6324,NaN
6325,1
6326,NaN
6327,NaN
6328,NaN
6329,NaN
6330,NaN
6331,NaN
6332,NaN
6333,NaN
6334,NaN
6335,NaN
6336,NaN
6337,NaN
6338,NaN
6339,1
6340,NaN
6341,3
6342,NaN
6343,2
6344,NaN
6345,4
6346,NaN
6347,NaN
6348,NaN
6349,1
6350,NaN
6351,NaN
6352,1
6353,NaN
6354,NaN
6355,NaN
6356,NaN
6357,NaN
6358,NaN
6359,1
6360,NaN
6361,1
6362,NaN
6363,2
6364,NaN
6365,5
6366,NaN
6367,NaN
6368,NaN
6369,NaN
6370,NaN
6371,NaN
6372,NaN
6373,NaN
6374,NaN
6375,NaN
6376,NaN
6377,NaN
6378,1
6379,NaN
6380,1
6381,NaN
6382,3
6383,NaN
6384,2
6385,NaN
6386,NaN
6387,NaN
6388,NaN
6389,NaN
6390,NaN
6391,1
6392,NaN
6393,NaN
6394,NaN
6395,3
6396,NaN
6397,2
6398,3
6399,NaN
6400,NaN
6401,3
6402,NaN
6403,NaN
6404,NaN
6405,NaN
6406,NaN
6407,NaN
6408,1
6409,2
6410,NaN
6411,NaN
6412,NaN
6413,NaN
6414,NaN
6415,NaN
6416,NaN
6417,NaN
6418,NaN
6419,NaN
6420,NaN
6421,NaN
6422,NaN
6423,NaN
6424,NaN
6425,NaN
6426,NaN
6427,NaN
6428,1
6429,1
6430,NaN
6431,NaN
6432,NaN
6433,NaN
6434,NaN
6435,NaN
6436,NaN
6437,NaN
6438,NaN
6439,NaN
6440,NaN
6441,NaN
6442,NaN
6443,NaN
6444,2
6445,NaN
6446,NaN
6447,1
6448,1
6449,NaN
6450,NaN
6451,NaN
6452,NaN
6453,NaN
6454,NaN
6455,NaN
6456,NaN
6457,NaN
6458,1
6459,NaN
6460,NaN
6461,NaN
6462,2
6463,NaN
6464,NaN
6465,NaN
6466,4
6467,NaN
6468,2
6469,NaN
6470,NaN
6471,NaN
6472,NaN
6473,1
6474,NaN
6475,NaN
6476,NaN
6477,NaN
6478,NaN
6479,NaN
6480,NaN
6481,NaN
6482,NaN
6483,NaN
6484,NaN
6485,3
6486,NaN
6487,NaN
6488,1
6489,NaN
6490,NaN
6491,NaN
6492,NaN
6493,NaN
6494,NaN
6495,NaN
6496,4
6497,NaN
6498,NaN
6499,NaN
6500,NaN
6501,NaN
6502,NaN
6503,1
6504,NaN
6505,NaN
6506,1
6507,NaN
6508,NaN
6509,NaN
6510,NaN
6511,NaN
6512,3
6513,NaN
6514,NaN
6515,NaN
6516,NaN
6517,NaN
6518,NaN
6519,NaN
6520,NaN
6521,2
6522,NaN
6523,NaN
6524,NaN
6525,NaN
6526,NaN
6527,NaN
6528,NaN
6529,NaN
6530,NaN
6531,NaN
6532,NaN
6533,NaN
6534,NaN
6535,NaN
6536,NaN
6537,NaN
6538,NaN
6539,NaN
6540,NaN
6541,2
6542,NaN
6543,NaN
6544,NaN
6545,NaN
6546,1
6547,NaN
6548,NaN
6549,NaN
6550,1
6551,NaN
6552,NaN
6553,NaN
6554,NaN
6555,NaN
6556,NaN
6557,1
6558,NaN
6559,NaN
6560,NaN
6561,1
6562,NaN
6563,NaN
6564,NaN
6565,NaN
6566,3
6567,NaN
6568,NaN
6569,NaN
6570,NaN
6571,NaN
6572,2
6573,NaN
6574,3
6575,NaN
6576,NaN
6577,NaN
6578,NaN
6579,NaN
6580,2
6581,NaN
6582,NaN
6583,NaN
6584,NaN
6585,NaN
6586,NaN
6587,NaN
6588,2
6589,NaN
6590,2
6591,NaN
6592,NaN
6593,NaN
6594,2
6595,NaN
6596,NaN
6597,NaN
6598,NaN
6599,NaN
6600,NaN
6601,NaN
6602,NaN
6603,NaN
6604,NaN
6605,NaN
6606,1
6607,2
6608,NaN
6609,NaN
6610,NaN
6611,NaN
6612,NaN
6613,NaN
6614,NaN
6615,2
6616,NaN
6617,NaN
6618,NaN
6619,NaN
6620,NaN
6621,NaN
6622,NaN
6623,NaN
6624,NaN
6625,NaN
6626,NaN
6627,NaN
6628,NaN
6629,1
6630,1
6631,NaN
6632,NaN
6633,NaN
6634,NaN
6635,NaN
6636,NaN
6637,NaN
6638,NaN
6639,NaN
6640,NaN
6641,NaN
6642,NaN
6643,NaN
6644,NaN
6645,NaN
6646,NaN
6647,NaN
6648,NaN
6649,NaN
6650,NaN
6651,NaN
6652,NaN
6653,NaN
6654,NaN
6655,NaN
6656,NaN
6657,NaN
6658,NaN
6659,NaN
6660,NaN
6661,NaN
6662,1
6663,NaN
6664,NaN
6665,NaN
6666,1
6667,NaN
6668,NaN
6669,NaN
6670,NaN
6671,1
6672,NaN
6673,NaN
6674,NaN
6675,NaN
6676,NaN
6677,NaN
6678,NaN
6679,NaN
6680,NaN
6681,2
6682,NaN
6683,NaN
6684,NaN
6685,NaN
6686,NaN
6687,NaN
6688,NaN
6689,NaN
6690,NaN
6691,1
6692,2
6693,NaN
6694,NaN
6695,NaN
6696,NaN
6697,NaN
6698,NaN
6699,NaN
6700,NaN
6701,NaN
6702,NaN
6703,NaN
6704,2
6705,NaN
6706,NaN
6707,NaN
6708,NaN
6709,NaN
6710,2
6711,NaN
6712,NaN
6713,3
6714,NaN
6715,NaN
6716,NaN
6717,NaN
6718,NaN
6719,NaN
6720,NaN
6721,NaN
6722,1
6723,NaN
6724,NaN
6725,NaN
6726,NaN
6727,NaN
6728,NaN
6729,NaN
6730,NaN
6731,1
6732,NaN
6733,NaN
6734,NaN
6735,NaN
6736,NaN
6737,2
6738,NaN
6739,NaN
6740,NaN
6741,1
6742,NaN
6743,NaN
6744,NaN
6745,1
6746,NaN
6747,NaN
6748,NaN
6749,NaN
6750,NaN
6751,NaN
6752,NaN
6753,NaN
6754,NaN
6755,NaN
6756,NaN
6757,NaN
6758,NaN
6759,NaN
6760,NaN
6761,NaN
6762,NaN
6763,NaN
6764,NaN
6765,NaN
6766,1
6767,NaN
6768,NaN
6769,NaN
6770,2
6771,NaN
6772,NaN
6773,NaN
6774,NaN
6775,NaN
6776,NaN
6777,NaN
6778,1
6779,NaN
6780,NaN
6781,NaN
6782,NaN
6783,NaN
6784,1
6785,1
6786,1
6787,NaN
6788,NaN
6789,2
6790,NaN
6791,NaN
6792,NaN
6793,1
6794,NaN
6795,NaN
6796,NaN
6797,1
6798,NaN
6799,NaN
6800,1
6801,NaN
6802,NaN
6803,NaN
6804,NaN
6805,NaN
6806,NaN
6807,NaN
6808,NaN
6809,NaN
6810,NaN
6811,NaN
6812,NaN
6813,NaN
6814,NaN
6815,NaN
6816,NaN
6817,NaN
6818,NaN
6819,NaN
6820,NaN
6821,NaN
6822,NaN
6823,NaN
6824,NaN
6825,1
6826,NaN
6827,NaN
6828,NaN
6829,NaN
6830,1
6831,NaN
6832,NaN
6833,NaN
6834,NaN
6835,1
6836,NaN
6837,NaN
6838,1
6839,NaN
6840,2
6841,NaN
6842,NaN
6843,NaN
6844,NaN
6845,1
6846,NaN
6847,NaN
6848,NaN
6849,NaN
6850,NaN
6851,NaN
6852,NaN
6853,NaN
6854,1
6855,NaN
6856,NaN
6857,NaN
6858,NaN
6859,NaN
6860,NaN
6861,NaN
6862,NaN
6863,1
6864,NaN
6865,NaN
6866,NaN
6867,NaN
6868,NaN
6869,NaN
6870,NaN
6871,NaN
6872,NaN
6873,NaN
6874,NaN
6875,NaN
6876,NaN
6877,2
6878,NaN
6879,NaN
6880,NaN
6881,NaN
6882,NaN
6883,NaN
6884,NaN
6885,4
6886,NaN
6887,NaN
6888,NaN
6889,NaN
6890,2
6891,NaN
6892,2
6893,NaN
6894,NaN
6895,NaN
6896,NaN
6897,NaN
6898,NaN
6899,NaN
6900,NaN
6901,NaN
6902,NaN
6903,NaN
6904,NaN
6905,NaN
6906,NaN
6907,NaN
6908,NaN
6909,NaN
6910,NaN
6911,1
6912,NaN
6913,NaN
6914,NaN
6915,NaN
6916,NaN
6917,NaN
6918,NaN
6919,1
6920,NaN
6921,1
6922,NaN
6923,NaN
6924,1
6925,NaN
6926,NaN
6927,NaN
6928,NaN
6929,NaN
6930,NaN
6931,NaN
6932,NaN
6933,NaN
6934,1
6935,NaN
6936,NaN
6937,NaN
6938,1
6939,NaN
6940,NaN
6941,1
6942,NaN
6943,NaN
6944,NaN
6945,1
6946,NaN
6947,NaN
6948,NaN
6949,NaN
6950,NaN
6951,NaN
6952,NaN
6953,NaN
6954,NaN
6955,NaN
6956,2
6957,NaN
6958,NaN
6959,NaN
6960,NaN
6961,1
6962,NaN
6963,NaN
6964,NaN
6965,NaN
6966,NaN
6967,NaN
6968,NaN
6969,NaN
6970,1
6971,NaN
6972,1
6973,NaN
6974,NaN
6975,1
6976,NaN
6977,NaN
6978,NaN
6979,NaN
6980,1
6981,NaN
6982,NaN
6983,NaN
6984,NaN
6985,1
6986,NaN
6987,1
6988,NaN
6989,NaN
6990,NaN
6991,NaN
6992,NaN
6993,NaN
6994,1
6995,1
6996,NaN
6997,NaN
6998,NaN
6999,NaN
7000,1
7001,NaN
7002,NaN
7003,NaN
7004,NaN
7005,NaN
7006,NaN
7007,NaN
7008,NaN
7009,NaN
7010,NaN
7011,NaN
7012,1
7013,NaN
7014,NaN
7015,NaN
7016,NaN
7017,NaN
7018,NaN
7019,1
7020,NaN
7021,2
7022,NaN
7023,NaN
7024,NaN
7025,1
7026,NaN
7027,NaN
7028,NaN
7029,NaN
7030,1
7031,NaN
7032,NaN
7033,NaN
7034,NaN
7035,NaN
7036,NaN
7037,NaN
7038,NaN
7039,NaN
7040,NaN
7041,NaN
7042,NaN
7043,NaN
7044,NaN
7045,NaN
7046,NaN
7047,NaN
7048,NaN
7049,3
7050,NaN
7051,2
7052,1
7053,NaN
7054,NaN
7055,NaN
7056,NaN
7057,1
7058,NaN
7059,NaN
7060,NaN
7061,NaN
7062,NaN
7063,NaN
7064,NaN
7065,NaN
7066,NaN
7067,NaN
7068,NaN
7069,NaN
7070,NaN
7071,NaN
7072,1
7073,NaN
7074,NaN
7075,NaN
7076,1
7077,NaN
7078,NaN
7079,NaN
7080,1
7081,NaN
7082,NaN
7083,NaN
7084,NaN
7085,NaN
7086,NaN
7087,NaN
7088,NaN
7089,NaN
7090,NaN
7091,NaN
7092,NaN
7093,NaN
7094,NaN
7095,NaN
7096,NaN
7097,NaN
7098,NaN
7099,NaN
7100,NaN
7101,NaN
7102,NaN
7103,NaN
7104,NaN
7105,NaN
7106,NaN
7107,NaN
7108,NaN
7109,NaN
7110,NaN
7111,NaN
7112,NaN
7113,NaN
7114,4
7115,NaN
7116,1
7117,2
7118,1
7119,NaN
7120,NaN
7121,NaN
7122,NaN
7123,5
7124,1
7125,NaN
7126,NaN
7127,NaN
7128,NaN
7129,NaN
7130,NaN
7131,NaN
7132,NaN
7133,NaN
7134,NaN
7135,NaN
7136,NaN
7137,NaN
7138,NaN
7139,NaN
7140,NaN
7141,NaN
7142,NaN
7143,1
7144,NaN
7145,NaN
7146,1
7147,NaN
7148,NaN
7149,1
7150,NaN
7151,NaN
7152,NaN
7153,NaN
7154,NaN
7155,NaN
7156,NaN
7157,2
7158,NaN
7159,NaN
7160,NaN
7161,2
7162,NaN
7163,1
7164,NaN
7165,3
7166,NaN
7167,NaN
7168,NaN
7169,1
7170,1
7171,NaN
7172,NaN
7173,NaN
7174,NaN
7175,NaN
7176,NaN
7177,NaN
7178,NaN
7179,NaN
7180,NaN
7181,NaN
7182,NaN
7183,NaN
7184,NaN
7185,NaN
7186,1
7187,2
7188,NaN
7189,NaN
7190,4
7191,NaN
7192,NaN
7193,NaN
7194,NaN
7195,NaN
7196,NaN
7197,2
7198,NaN
7199,1
7200,NaN
7201,1
7202,NaN
7203,NaN
7204,NaN
7205,NaN
7206,NaN
7207,NaN
7208,NaN
7209,NaN
7210,NaN
7211,NaN
7212,NaN
7213,NaN
7214,NaN
7215,NaN
7216,NaN
7217,2
7218,4
7219,NaN
7220,NaN
7221,NaN
7222,NaN
7223,NaN
7224,NaN
7225,NaN
7226,NaN
7227,NaN
7228,NaN
7229,NaN
7230,NaN
7231,NaN
7232,1
7233,NaN
7234,NaN
7235,NaN
7236,NaN
7237,NaN
7238,NaN
7239,NaN
7240,NaN
7241,NaN
7242,NaN
7243,1
7244,NaN
7245,NaN
7246,NaN
7247,NaN
7248,NaN
7249,NaN
7250,NaN
7251,NaN
7252,NaN
7253,NaN
7254,NaN
7255,NaN
7256,NaN
7257,NaN
7258,NaN
7259,NaN
7260,4
7261,NaN
7262,NaN
7263,NaN
7264,NaN
7265,NaN
7266,2
7267,1
7268,NaN
7269,NaN
7270,1
7271,NaN
7272,NaN
7273,1
7274,NaN
7275,NaN
7276,NaN
7277,NaN
7278,NaN
7279,3
7280,1
7281,NaN
7282,NaN
7283,NaN
7284,NaN
7285,NaN
7286,NaN
7287,NaN
7288,NaN
7289,NaN
7290,NaN
7291,NaN
7292,NaN
7293,NaN
7294,NaN
7295,NaN
7296,NaN
7297,NaN
7298,NaN
7299,NaN
7300,NaN
7301,NaN
7302,NaN
7303,NaN
7304,NaN
7305,2
7306,NaN
7307,1
7308,NaN
7309,NaN
7310,NaN
7311,NaN
7312,NaN
7313,NaN
7314,NaN
7315,NaN
7316,NaN
7317,NaN
7318,NaN
7319,NaN
7320,NaN
7321,1
7322,NaN
7323,NaN
7324,NaN
7325,NaN
7326,NaN
7327,NaN
7328,NaN
7329,NaN
7330,NaN
7331,1
7332,NaN
7333,NaN
7334,NaN
7335,NaN
7336,2
7337,NaN
7338,NaN
7339,NaN
7340,NaN
7341,NaN
7342,NaN
7343,NaN
7344,NaN
7345,NaN
7346,1
7347,1
7348,NaN
7349,1
7350,1
7351,2
7352,NaN
7353,NaN
7354,NaN
7355,NaN
7356,NaN
7357,NaN
7358,1
7359,NaN
7360,NaN
7361,1
7362,NaN
7363,NaN
7364,NaN
7365,NaN
7366,NaN
7367,NaN
7368,NaN
7369,NaN
7370,NaN
7371,NaN
7372,NaN
7373,NaN
7374,NaN
7375,NaN
7376,NaN
7377,NaN
7378,2
7379,NaN
7380,NaN
7381,NaN
7382,NaN
7383,3
7384,NaN
7385,NaN
7386,1
7387,NaN
7388,NaN
7389,NaN
7390,1
7391,NaN
7392,NaN
7393,NaN
7394,1
7395,NaN
7396,NaN
7397,NaN
7398,NaN
7399,NaN
7400,NaN
7401,NaN
7402,NaN
7403,NaN
7404,NaN
7405,2
7406,NaN
7407,NaN
7408,3
7409,NaN
7410,NaN
7411,NaN
7412,NaN
7413,NaN
7414,NaN
7415,NaN
7416,NaN
7417,NaN
7418,NaN
7419,NaN
7420,NaN
7421,NaN
7422,NaN
7423,NaN
7424,3
7425,NaN
7426,NaN
7427,NaN
7428,2
7429,NaN
7430,NaN
7431,NaN
7432,NaN
7433,NaN
7434,NaN
7435,NaN
7436,1
7437,NaN
7438,NaN
7439,1
7440,NaN
7441,2
7442,NaN
7443,1
7444,NaN
7445,NaN
7446,NaN
7447,NaN
7448,NaN
7449,NaN
7450,NaN
7451,NaN
7452,NaN
7453,NaN
7454,NaN
7455,NaN
7456,1
7457,NaN
7458,NaN
7459,NaN
7460,NaN
7461,NaN
7462,NaN
7463,NaN
7464,NaN
7465,2
7466,NaN
7467,NaN
7468,NaN
7469,NaN
7470,NaN
7471,NaN
7472,NaN
7473,NaN
7474,NaN
7475,NaN
7476,2
7477,NaN
7478,NaN
7479,NaN
7480,NaN
7481,NaN
7482,NaN
7483,NaN
7484,NaN
7485,1
7486,1
7487,NaN
7488,NaN
7489,1
7490,NaN
7491,3
7492,NaN
7493,1
7494,NaN
7495,NaN
7496,NaN
7497,NaN
7498,1
7499,NaN
7500,NaN
7501,NaN
7502,NaN
7503,NaN
7504,NaN
7505,NaN
7506,1
7507,NaN
7508,NaN
7509,NaN
7510,NaN
7511,1
7512,NaN
7513,NaN
7514,NaN
7515,1
7516,NaN
7517,2
7518,NaN
7519,NaN
7520,1
7521,NaN
7522,NaN
7523,NaN
7524,NaN
7525,NaN
7526,1
7527,NaN
7528,NaN
7529,NaN
7530,NaN
7531,NaN
7532,1
7533,NaN
7534,NaN
7535,NaN
7536,1
7537,NaN
7538,NaN
7539,1
7540,NaN
7541,NaN
7542,2
7543,NaN
7544,2
7545,NaN
7546,NaN
7547,NaN
7548,NaN
7549,NaN
7550,NaN
7551,1
7552,1
7553,NaN
7554,1
7555,NaN
7556,NaN
7557,NaN
7558,2
7559,NaN
7560,NaN
7561,NaN
7562,NaN
7563,1
7564,NaN
7565,NaN
7566,NaN
7567,NaN
7568,1
7569,NaN
7570,NaN
7571,NaN
7572,NaN
7573,NaN
7574,NaN
7575,NaN
7576,NaN
7577,NaN
7578,NaN
7579,NaN
7580,NaN
7581,NaN
7582,NaN
7583,NaN
7584,NaN
7585,NaN
7586,NaN
7587,NaN
7588,NaN
7589,NaN
7590,NaN
7591,NaN
7592,NaN
7593,1
7594,NaN
7595,NaN
7596,NaN
7597,NaN
7598,NaN
7599,NaN
7600,NaN
7601,NaN
7602,NaN
7603,NaN
7604,NaN
7605,NaN
7606,NaN
7607,NaN
7608,NaN
7609,NaN
7610,NaN
7611,NaN
7612,NaN
7613,NaN
7614,1
7615,NaN
7616,NaN
7617,NaN
7618,NaN
7619,NaN
7620,NaN
7621,NaN
7622,NaN
7623,NaN
7624,NaN
7625,NaN
7626,1
7627,NaN
7628,NaN
7629,NaN
7630,NaN
7631,1
7632,NaN
7633,NaN
7634,NaN
7635,NaN
7636,NaN
7637,NaN
7638,NaN
7639,NaN
7640,NaN
7641,NaN
7642,NaN
7643,NaN
7644,1
7645,NaN
7646,NaN
7647,NaN
7648,NaN
7649,NaN
7650,NaN
7651,NaN
7652,NaN
7653,NaN
7654,NaN
7655,NaN
7656,NaN
7657,NaN
7658,NaN
7659,NaN
7660,1
7661,NaN
7662,NaN
7663,NaN
7664,2
7665,NaN
7666,NaN
7667,NaN
7668,NaN
7669,2
7670,NaN
7671,NaN
7672,NaN
7673,1
7674,NaN
7675,NaN
7676,1
7677,NaN
7678,NaN
7679,NaN
7680,NaN
7681,1
7682,NaN
7683,1
7684,NaN
7685,1
7686,3
7687,NaN
7688,1
7689,NaN
7690,NaN
7691,NaN
7692,NaN
7693,NaN
7694,NaN
7695,NaN
7696,3
7697,NaN
7698,NaN
7699,1
7700,1
7701,NaN
7702,NaN
7703,1
7704,NaN
7705,NaN
7706,NaN
7707,NaN
7708,NaN
7709,NaN
7710,NaN
7711,NaN
7712,NaN
7713,NaN
7714,1
7715,NaN
7716,NaN
7717,NaN
7718,1
7719,NaN
7720,NaN
7721,NaN
7722,NaN
7723,NaN
7724,NaN
7725,NaN
7726,NaN
7727,NaN
7728,3
7729,NaN
7730,4
7731,NaN
7732,NaN
7733,2
7734,NaN
7735,4
7736,NaN
7737,NaN
7738,NaN
7739,NaN
7740,NaN
7741,1
7742,NaN
7743,NaN
7744,NaN
7745,NaN
7746,NaN
7747,NaN
7748,NaN
7749,NaN
7750,NaN
7751,NaN
7752,NaN
7753,NaN
7754,NaN
7755,NaN
7756,NaN
7757,NaN
7758,NaN
7759,NaN
7760,NaN
7761,NaN
7762,NaN
7763,1
7764,NaN
7765,NaN
7766,NaN
7767,NaN
7768,NaN
7769,NaN
7770,NaN
7771,NaN
7772,NaN
7773,NaN
7774,NaN
7775,NaN
7776,NaN
7777,5
7778,NaN
7779,NaN
7780,3
7781,NaN
7782,NaN
7783,NaN
7784,NaN
7785,NaN
7786,1
7787,1
7788,NaN
7789,NaN
7790,NaN
7791,NaN
7792,NaN
7793,NaN
7794,2
7795,NaN
7796,NaN
7797,NaN
7798,NaN
7799,NaN
7800,NaN
7801,NaN
7802,NaN
7803,NaN
7804,NaN
7805,NaN
7806,NaN
7807,NaN
7808,NaN
7809,NaN
7810,NaN
7811,NaN
7812,NaN
7813,NaN
7814,1
7815,1
7816,NaN
7817,NaN
7818,NaN
7819,NaN
7820,2
7821,NaN
7822,NaN
7823,NaN
7824,NaN
7825,NaN
7826,NaN
7827,NaN
7828,NaN
7829,NaN
7830,1
7831,NaN
7832,NaN
7833,NaN
7834,NaN
7835,NaN
7836,NaN
7837,NaN
7838,NaN
7839,NaN
7840,NaN
7841,NaN
7842,NaN
7843,NaN
7844,1
7845,NaN
7846,NaN
7847,NaN
7848,NaN
7849,NaN
7850,NaN
7851,NaN
7852,NaN
7853,NaN
7854,NaN
7855,NaN
7856,NaN
7857,NaN
7858,NaN
7859,NaN
7860,NaN
7861,NaN
7862,NaN
7863,NaN
7864,NaN
7865,NaN
7866,NaN
7867,NaN
7868,NaN
7869,NaN
7870,NaN
7871,NaN
7872,NaN
7873,NaN
7874,NaN
7875,NaN
7876,NaN
7877,NaN
7878,NaN
7879,NaN
7880,NaN
7881,NaN
7882,NaN
7883,NaN
7884,NaN
7885,NaN
7886,1
7887,NaN
7888,NaN
7889,NaN
7890,1
7891,NaN
7892,NaN
7893,NaN
7894,NaN
7895,NaN
7896,NaN
7897,NaN
7898,NaN
7899,NaN
7900,NaN
7901,NaN
7902,NaN
7903,NaN
7904,NaN
7905,NaN
7906,NaN
7907,NaN
7908,NaN
7909,NaN
7910,NaN
7911,NaN
7912,NaN
7913,NaN
7914,NaN
7915,NaN
7916,NaN
7917,NaN
7918,NaN
7919,NaN
7920,NaN
7921,NaN
7922,NaN
7923,NaN
7924,NaN
7925,NaN
7926,NaN
7927,NaN
7928,NaN
7929,1
7930,NaN
7931,NaN
7932,NaN
7933,1
7934,NaN
7935,NaN
7936,NaN
7937,NaN
7938,NaN
7939,NaN
7940,NaN
7941,2
7942,NaN
7943,NaN
7944,NaN
7945,1
7946,NaN
7947,NaN
7948,NaN
7949,1
7950,NaN
7951,NaN
7952,NaN
7953,NaN
7954,1
7955,NaN
7956,NaN
7957,NaN
7958,NaN
7959,NaN
7960,NaN
7961,NaN
7962,NaN
7963,1
7964,NaN
7965,NaN
7966,NaN
7967,NaN
7968,NaN
7969,NaN
7970,NaN
7971,1
7972,NaN
7973,NaN
7974,NaN
7975,2
7976,NaN
7977,NaN
7978,NaN
7979,1
7980,NaN
7981,NaN
7982,NaN
7983,NaN
7984,NaN
7985,NaN
7986,NaN
7987,NaN
7988,NaN
7989,NaN
7990,NaN
7991,NaN
7992,NaN
7993,NaN
7994,NaN
7995,1
7996,NaN
7997,NaN
7998,NaN
7999,NaN
8000,NaN
8001,NaN
8002,NaN
8003,NaN
8004,NaN
8005,NaN
8006,NaN
8007,NaN
8008,NaN
8009,NaN
8010,NaN
8011,NaN
8012,1
8013,NaN
8014,1
8015,NaN
8016,NaN
8017,NaN
8018,NaN
8019,1
8020,NaN
8021,NaN
8022,NaN
8023,1
8024,NaN
8025,NaN
8026,NaN
8027,NaN
8028,NaN
8029,NaN
8030,1
8031,NaN
8032,NaN
8033,NaN
8034,NaN
8035,1
8036,2
8037,NaN
8038,NaN
8039,NaN
8040,2
8041,NaN
8042,NaN
8043,NaN
8044,NaN
8045,NaN
8046,NaN
8047,NaN
8048,NaN
8049,NaN
8050,NaN
8051,NaN
8052,NaN
8053,1
8054,1
8055,NaN
8056,NaN
8057,NaN
8058,NaN
8059,NaN
8060,NaN
8061,NaN
8062,NaN
8063,NaN
8064,NaN
8065,NaN
8066,NaN
8067,1
8068,1
8069,NaN
8070,NaN
8071,NaN
8072,NaN
8073,NaN
8074,NaN
8075,NaN
8076,NaN
8077,NaN
8078,1
8079,NaN
8080,NaN
8081,NaN
8082,NaN
8083,NaN
8084,NaN
8085,NaN
8086,NaN
8087,NaN
8088,NaN
8089,NaN
8090,NaN
8091,NaN
8092,2
8093,NaN
8094,NaN
8095,NaN
8096,NaN
8097,NaN
8098,NaN
8099,NaN
8100,NaN
8101,1
8102,NaN
8103,1
8104,NaN
8105,NaN
8106,NaN
8107,NaN
8108,NaN
8109,NaN
8110,NaN
8111,NaN
8112,NaN
8113,NaN
8114,NaN
8115,NaN
8116,3
8117,NaN
8118,NaN
8119,NaN
8120,NaN
8121,NaN
8122,NaN
8123,NaN
8124,NaN
8125,NaN
8126,NaN
8127,3
8128,NaN
8129,NaN
8130,NaN
8131,2
8132,NaN
8133,NaN
8134,NaN
8135,NaN
8136,NaN
8137,NaN
8138,NaN
8139,NaN
8140,NaN
8141,NaN
8142,NaN
8143,NaN
8144,NaN
8145,NaN
8146,1
8147,NaN
8148,NaN
8149,2
8150,NaN
8151,NaN
8152,NaN
8153,NaN
8154,1
8155,1
8156,NaN
8157,NaN
8158,NaN
8159,NaN
8160,NaN
8161,1
8162,NaN
8163,NaN
8164,NaN
8165,1
8166,NaN
8167,1
8168,NaN
8169,NaN
8170,NaN
8171,NaN
8172,NaN
8173,NaN
8174,NaN
8175,NaN
8176,NaN
8177,NaN
8178,NaN
8179,NaN
8180,NaN
8181,NaN
8182,1
8183,NaN
8184,NaN
8185,NaN
8186,NaN
8187,NaN
8188,NaN
8189,NaN
8190,NaN
8191,NaN
8192,NaN
8193,NaN
8194,NaN
8195,NaN
8196,NaN
8197,NaN
8198,NaN
8199,NaN
8200,NaN
8201,NaN
8202,NaN
8203,NaN
8204,NaN
8205,NaN
8206,NaN
8207,NaN
8208,NaN
8209,NaN
8210,NaN
8211,NaN
8212,NaN
8213,NaN
8214,NaN
8215,1
8216,NaN
8217,NaN
8218,NaN
8219,NaN
8220,NaN
8221,NaN
8222,NaN
8223,NaN
8224,NaN
8225,NaN
8226,NaN
8227,NaN
8228,NaN
8229,NaN
8230,NaN
8231,NaN
8232,NaN
8233,NaN
8234,NaN
8235,NaN
8236,NaN
8237,NaN
8238,NaN
8239,NaN
8240,NaN
8241,NaN
8242,NaN
8243,2
8244,NaN
8245,NaN
8246,1
8247,NaN
8248,2
8249,NaN
8250,NaN
8251,NaN
8252,NaN
8253,NaN
8254,NaN
8255,NaN
8256,NaN
8257,NaN
8258,NaN
8259,NaN
8260,NaN
8261,NaN
8262,1
8263,NaN
8264,NaN
8265,NaN
8266,NaN
8267,NaN
8268,NaN
8269,NaN
8270,NaN
8271,NaN
8272,NaN
8273,NaN
8274,NaN
8275,NaN
8276,NaN
8277,2
8278,NaN
8279,NaN
8280,NaN
8281,NaN
8282,NaN
8283,NaN
8284,NaN
8285,NaN
8286,NaN
8287,NaN
8288,NaN
8289,NaN
8290,NaN
8291,1
8292,NaN
8293,NaN
8294,NaN
8295,NaN
8296,NaN
8297,NaN
8298,NaN
8299,5
8300,NaN
8301,NaN
8302,NaN
8303,1
8304,NaN
8305,NaN
8306,NaN
8307,NaN
8308,NaN
8309,NaN
8310,NaN
8311,NaN
8312,NaN
8313,NaN
8314,NaN
8315,NaN
8316,NaN
8317,NaN
8318,NaN
8319,NaN
8320,NaN
8321,2
8322,NaN
8323,NaN
8324,NaN
8325,NaN
8326,NaN
8327,NaN
8328,NaN
8329,NaN
8330,NaN
8331,NaN
8332,2
8333,NaN
8334,NaN
8335,NaN
8336,1
8337,NaN
8338,NaN
8339,NaN
8340,NaN
8341,NaN
8342,NaN
8343,NaN
8344,NaN
8345,NaN
8346,NaN
8347,NaN
8348,NaN
8349,NaN
8350,NaN
8351,NaN
8352,NaN
8353,1
8354,NaN
8355,NaN
8356,1
8357,NaN
8358,NaN
8359,NaN
8360,NaN
8361,NaN
8362,NaN
8363,NaN
8364,NaN
8365,NaN
8366,NaN
8367,NaN
8368,1
8369,NaN
8370,NaN
8371,NaN
8372,NaN
8373,NaN
8374,1
8375,NaN
8376,NaN
8377,1
8378,NaN
8379,NaN
8380,NaN
8381,NaN
8382,NaN
8383,NaN
8384,NaN
8385,NaN
8386,NaN
8387,NaN
8388,NaN
8389,NaN
8390,NaN
8391,NaN
8392,NaN
8393,NaN
8394,NaN
8395,NaN
8396,NaN
8397,1
8398,NaN
8399,NaN
8400,NaN
8401,NaN
8402,NaN
8403,NaN
8404,NaN
8405,NaN
8406,NaN
8407,NaN
8408,NaN
8409,NaN
8410,NaN
8411,NaN
8412,NaN
8413,NaN
8414,NaN
8415,NaN
8416,NaN
8417,NaN
8418,NaN
8419,NaN
8420,NaN
8421,NaN
8422,NaN
8423,NaN
8424,NaN
8425,NaN
8426,NaN
8427,1
8428,NaN
8429,NaN
8430,NaN
8431,NaN
8432,NaN
8433,NaN
8434,NaN
8435,NaN
8436,NaN
8437,NaN
8438,NaN
8439,NaN
8440,NaN
8441,NaN
8442,NaN
8443,NaN
8444,NaN
8445,NaN
8446,NaN
8447,NaN
8448,2
8449,NaN
8450,NaN
8451,NaN
8452,NaN
8453,NaN
8454,NaN
8455,NaN
8456,NaN
8457,1
8458,NaN
8459,NaN
8460,NaN
8461,NaN
8462,1
8463,NaN
8464,1
8465,1
8466,NaN
8467,NaN
8468,NaN
8469,NaN
8470,NaN
8471,1
8472,NaN
8473,1
8474,NaN
8475,1
8476,NaN
8477,NaN
8478,NaN
8479,NaN
8480,NaN
8481,NaN
8482,NaN
8483,NaN
8484,NaN
8485,NaN
8486,NaN
8487,NaN
8488,NaN
8489,NaN
8490,4
8491,NaN
8492,1
8493,NaN
8494,NaN
8495,NaN
8496,NaN
8497,2
8498,NaN
8499,NaN
8500,NaN
8501,NaN
8502,NaN
8503,NaN
8504,NaN
8505,NaN
8506,NaN
8507,NaN
8508,NaN
8509,NaN
8510,NaN
8511,1
8512,NaN
8513,NaN
8514,NaN
8515,NaN
8516,NaN
8517,NaN
8518,NaN
8519,NaN
8520,NaN
8521,1
8522,NaN
8523,NaN
8524,NaN
8525,NaN
8526,NaN
8527,NaN
8528,NaN
8529,NaN
8530,NaN
8531,NaN
8532,NaN
8533,NaN
8534,NaN
8535,NaN
8536,NaN
8537,NaN
8538,NaN
8539,1
8540,NaN
8541,NaN
8542,NaN
8543,NaN
8544,NaN
8545,NaN
8546,NaN
8547,NaN
8548,NaN
8549,NaN
8550,NaN
8551,NaN
8552,NaN
8553,NaN
8554,NaN
8555,NaN
8556,NaN
8557,NaN
8558,NaN
8559,NaN
8560,NaN
8561,NaN
8562,NaN
8563,NaN
8564,1
8565,NaN
8566,1
8567,NaN
8568,NaN
8569,NaN
8570,NaN
8571,NaN
8572,NaN
8573,NaN
8574,NaN
8575,NaN
8576,NaN
8577,NaN
8578,NaN
8579,NaN
8580,1
8581,NaN
8582,NaN
8583,NaN
8584,NaN
8585,NaN
8586,NaN
8587,NaN
8588,NaN
8589,NaN
8590,NaN
8591,NaN
8592,NaN
8593,NaN
8594,NaN
8595,NaN
8596,NaN
8597,1
8598,NaN
8599,NaN
8600,NaN
8601,NaN
8602,NaN
8603,NaN
8604,NaN
8605,NaN
8606,NaN
8607,NaN
8608,NaN
8609,NaN
8610,NaN
8611,NaN
8612,NaN
8613,NaN
8614,NaN
8615,NaN
8616,NaN
8617,1
8618,NaN
8619,NaN
8620,NaN
8621,NaN
8622,NaN
8623,NaN
8624,NaN
8625,NaN
8626,NaN
8627,NaN
8628,NaN
8629,NaN
8630,NaN
8631,2
8632,1
8633,NaN
8634,NaN
8635,NaN
8636,NaN
8637,NaN
8638,NaN
8639,NaN
8640,NaN
8641,NaN
8642,NaN
8643,NaN
8644,1
8645,NaN
8646,1
8647,NaN
8648,NaN
8649,1
8650,NaN
8651,NaN
8652,1
8653,NaN
8654,NaN
8655,NaN
8656,NaN
8657,NaN
8658,NaN
8659,NaN
8660,NaN
8661,NaN
8662,NaN
8663,NaN
8664,NaN
8665,1
8666,NaN
8667,1
8668,NaN
8669,NaN
8670,NaN
8671,NaN
8672,NaN
8673,NaN
8674,NaN
8675,NaN
8676,NaN
8677,NaN
8678,NaN
8679,NaN
8680,NaN
8681,NaN
8682,NaN
8683,1
8684,NaN
8685,NaN
8686,1
8687,2
8688,NaN
8689,NaN
8690,NaN
8691,1
8692,1
8693,NaN
8694,NaN
8695,NaN
8696,NaN
8697,1
8698,NaN
8699,NaN
8700,NaN
8701,NaN
8702,NaN
8703,NaN
8704,NaN
8705,NaN
8706,NaN
8707,NaN
8708,NaN
8709,NaN
8710,NaN
8711,NaN
8712,NaN
8713,NaN
8714,NaN
8715,NaN
8716,NaN
8717,NaN
8718,NaN
8719,NaN
8720,1
8721,NaN
8722,NaN
8723,NaN
8724,NaN
8725,NaN
8726,NaN
8727,NaN
8728,NaN
8729,3
8730,NaN
8731,NaN
8732,NaN
8733,NaN
8734,NaN
8735,NaN
8736,NaN
8737,NaN
8738,NaN
8739,NaN
8740,NaN
8741,NaN
8742,NaN
8743,NaN
8744,NaN
8745,NaN
8746,NaN
8747,NaN
8748,NaN
8749,1
8750,NaN
8751,NaN
8752,NaN
8753,NaN
8754,NaN
8755,NaN
8756,NaN
8757,NaN
8758,NaN
8759,NaN
8760,NaN
8761,NaN
8762,NaN
8763,NaN
8764,1
8765,NaN
8766,NaN
8767,NaN
8768,NaN
8769,NaN
8770,NaN
8771,NaN
8772,NaN
8773,NaN
8774,NaN
8775,NaN
8776,NaN
8777,NaN
8778,NaN
8779,NaN
8780,1
8781,NaN
8782,NaN
8783,NaN
8784,NaN
8785,NaN
8786,NaN
8787,NaN
8788,NaN
8789,NaN
8790,NaN
8791,NaN
8792,2
8793,NaN
8794,NaN
8795,NaN
8796,NaN
8797,NaN
8798,NaN
8799,NaN
8800,NaN
8801,NaN
8802,NaN
8803,NaN
8804,NaN
8805,1
8806,NaN
8807,NaN
8808,NaN
8809,NaN
8810,NaN
8811,NaN
8812,NaN
8813,NaN
8814,NaN
8815,1
8816,NaN
8817,NaN
8818,NaN
8819,1
8820,NaN
8821,NaN
8822,NaN
8823,1
8824,1
8825,NaN
8826,NaN
8827,NaN
8828,NaN
8829,NaN
8830,NaN
8831,NaN
8832,NaN
8833,NaN
8834,NaN
8835,NaN
8836,NaN
8837,NaN
8838,NaN
8839,NaN
8840,NaN
8841,NaN
8842,NaN
8843,NaN
8844,NaN
8845,NaN
8846,NaN
8847,NaN
8848,NaN
8849,NaN
8850,NaN
8851,NaN
8852,NaN
8853,NaN
8854,NaN
8855,NaN
8856,NaN
8857,NaN
8858,NaN
8859,NaN
8860,NaN
8861,NaN
8862,NaN
8863,NaN
8864,NaN
8865,NaN
8866,NaN
8867,NaN
8868,NaN
8869,NaN
8870,NaN
8871,NaN
8872,NaN
8873,NaN
8874,NaN
8875,NaN
8876,NaN
8877,NaN
8878,NaN
8879,NaN
8880,NaN
8881,NaN
8882,NaN
8883,NaN
8884,NaN
8885,NaN
8886,NaN
8887,NaN
8888,NaN
8889,NaN
8890,NaN
8891,NaN
8892,NaN
8893,NaN
8894,NaN
8895,NaN
8896,NaN
8897,NaN
8898,NaN
8899,NaN
8900,NaN
8901,NaN
8902,NaN
8903,NaN
8904,NaN
8905,NaN
8906,NaN
8907,NaN
8908,NaN
8909,NaN
8910,NaN
8911,NaN
8912,NaN
8913,NaN
8914,NaN
8915,NaN
8916,NaN
8917,NaN
8918,NaN
8919,NaN
8920,NaN
8921,NaN
8922,NaN
8923,NaN
8924,NaN
8925,NaN
8926,NaN
8927,NaN
8928,NaN
8929,NaN
8930,NaN
8931,NaN
8932,NaN
8933,NaN
8934,NaN
8935,NaN
8936,NaN
8937,NaN
8938,NaN
8939,NaN
8940,NaN
8941,NaN
8942,NaN
8943,NaN
8944,NaN
8945,NaN
8946,NaN
8947,1
8948,NaN
8949,NaN
8950,NaN
8951,NaN
8952,NaN
8953,NaN
8954,NaN
8955,NaN
8956,NaN
8957,NaN
8958,NaN
8959,NaN
8960,NaN
8961,NaN
8962,NaN
8963,NaN
8964,NaN
8965,NaN
8966,NaN
8967,NaN
8968,NaN
8969,NaN
8970,NaN
8971,NaN
8972,NaN
8973,NaN
8974,NaN
8975,NaN
8976,NaN
8977,NaN
8978,NaN
8979,1
8980,NaN
8981,NaN
8982,NaN
8983,NaN
8984,NaN
8985,1
8986,NaN
8987,NaN
8988,1
8989,NaN
8990,NaN
8991,NaN
8992,NaN
8993,NaN
8994,NaN
8995,NaN
8996,NaN
8997,1
8998,NaN
8999,NaN
9000,NaN
9001,NaN
9002,1
9003,NaN
9004,NaN
9005,NaN
9006,NaN
9007,NaN
9008,NaN
9009,NaN
9010,NaN
9011,NaN
9012,NaN
9013,NaN
9014,NaN
9015,NaN
9016,NaN
9017,NaN
9018,1
9019,NaN
9020,NaN
9021,NaN
9022,NaN
9023,NaN
9024,NaN
9025,NaN
9026,NaN
9027,NaN
9028,NaN
9029,NaN
9030,NaN
9031,NaN
9032,NaN
9033,NaN
9034,NaN
9035,NaN
9036,NaN
9037,NaN
9038,NaN
9039,NaN
9040,NaN
9041,2
9042,NaN
9043,NaN
9044,NaN
9045,NaN
9046,NaN
9047,NaN
9048,NaN
9049,NaN
9050,NaN
9051,NaN
9052,NaN
9053,NaN
9054,2
9055,NaN
9056,NaN
9057,NaN
9058,NaN
9059,NaN
9060,NaN
9061,NaN
9062,NaN
9063,NaN
9064,NaN
9065,NaN
9066,NaN
9067,NaN
9068,NaN
9069,NaN
9070,NaN
9071,NaN
9072,1
9073,NaN
9074,1
9075,NaN
9076,NaN
9077,NaN
9078,NaN
9079,NaN
9080,NaN
9081,NaN
9082,1
9083,NaN
9084,NaN
9085,1
9086,NaN
9087,NaN
9088,NaN
9089,NaN
9090,NaN
9091,NaN
9092,NaN
9093,NaN
9094,NaN
9095,NaN
9096,NaN
9097,NaN
9098,NaN
9099,NaN
9100,NaN
9101,NaN
9102,NaN
9103,NaN
9104,NaN
9105,NaN
9106,NaN
9107,NaN
9108,NaN
9109,NaN
9110,1
9111,1
9112,NaN
9113,NaN
9114,NaN
9115,NaN
9116,NaN
9117,NaN
9118,NaN
9119,NaN
9120,NaN
9121,NaN
9122,NaN
9123,NaN
9124,NaN
9125,NaN
9126,NaN
9127,NaN
9128,NaN
9129,NaN
9130,NaN
9131,NaN
9132,NaN
9133,NaN
9134,NaN
9135,NaN
9136,NaN
9137,NaN
9138,NaN
9139,NaN
9140,NaN
9141,NaN
9142,NaN
9143,NaN
9144,NaN
9145,NaN
9146,NaN
9147,NaN
9148,1
9149,NaN
9150,NaN
9151,NaN
9152,NaN
9153,NaN
9154,NaN
9155,NaN
9156,NaN
9157,NaN
9158,NaN
9159,NaN
9160,NaN
9161,NaN
9162,NaN
9163,NaN
9164,NaN
9165,NaN
9166,NaN
9167,NaN
9168,NaN
9169,NaN
9170,1
9171,NaN
9172,NaN
9173,NaN
9174,NaN
9175,NaN
9176,NaN
9177,NaN
9178,NaN
9179,NaN
9180,NaN
9181,NaN
9182,1
9183,NaN
9184,NaN
9185,NaN
9186,1
9187,NaN
9188,NaN
9189,NaN
9190,NaN
9191,NaN
9192,NaN
9193,NaN
9194,1
9195,1
9196,NaN
9197,NaN
9198,NaN
9199,NaN
9200,NaN
9201,NaN
9202,NaN
9203,NaN
9204,NaN
9205,NaN
9206,NaN
9207,NaN
9208,NaN
9209,NaN
9210,NaN
9211,NaN
9212,NaN
9213,NaN
9214,NaN
9215,NaN
9216,NaN
9217,NaN
9218,1
9219,NaN
9220,NaN
9221,NaN
9222,NaN
9223,NaN
9224,NaN
9225,1
9226,NaN
9227,NaN
9228,NaN
9229,NaN
9230,NaN
9231,NaN
9232,NaN
9233,NaN
9234,NaN
9235,NaN
9236,NaN
9237,NaN
9238,NaN
9239,NaN
9240,NaN
9241,NaN
9242,NaN
9243,NaN
9244,NaN
9245,NaN
9246,NaN
9247,NaN
9248,NaN
9249,NaN
9250,NaN
9251,NaN
9252,NaN
9253,1
9254,NaN
9255,NaN
9256,NaN
9257,NaN
9258,NaN
9259,NaN
9260,NaN
9261,NaN
9262,NaN
9263,NaN
9264,NaN
9265,NaN
9266,NaN
9267,NaN
9268,NaN
9269,1
9270,NaN
9271,NaN
9272,NaN
9273,2
9274,NaN
9275,NaN
9276,NaN
9277,NaN
9278,NaN
9279,NaN
9280,NaN
9281,NaN
9282,NaN
9283,NaN
9284,NaN
9285,NaN
9286,NaN
9287,NaN
9288,NaN
9289,NaN
9290,1
9291,NaN
9292,NaN
9293,NaN
9294,1
9295,NaN
9296,NaN
9297,NaN
9298,NaN
9299,NaN
9300,NaN
9301,NaN
9302,NaN
9303,NaN
9304,NaN
9305,NaN
9306,NaN
9307,NaN
9308,NaN
9309,NaN
9310,NaN
9311,NaN
9312,NaN
9313,NaN
9314,NaN
9315,NaN
9316,NaN
9317,NaN
9318,NaN
9319,NaN
9320,NaN
9321,NaN
9322,NaN
9323,NaN
9324,NaN
9325,NaN
9326,NaN
9327,NaN
9328,NaN
9329,NaN
9330,NaN
9331,NaN
9332,NaN
9333,NaN
9334,NaN
9335,NaN
9336,NaN
9337,NaN
9338,NaN
9339,NaN
9340,NaN
9341,NaN
9342,NaN
9343,NaN
9344,NaN
9345,NaN
9346,NaN
9347,NaN
9348,NaN
9349,NaN
9350,NaN
9351,NaN
9352,NaN
9353,NaN
9354,NaN
9355,NaN
9356,NaN
9357,NaN
9358,NaN
9359,NaN
9360,NaN
9361,NaN
9362,1
9363,NaN
9364,NaN
9365,NaN
9366,NaN
9367,NaN
9368,NaN
9369,NaN
9370,NaN
9371,1
9372,NaN
9373,NaN
9374,NaN
9375,NaN
9376,NaN
9377,NaN
9378,NaN
9379,2
9380,NaN
9381,NaN
9382,NaN
9383,NaN
9384,NaN
9385,NaN
9386,NaN
9387,NaN
9388,NaN
9389,1
9390,NaN
9391,NaN
9392,1
9393,NaN
9394,NaN
9395,NaN
9396,NaN
9397,NaN
9398,NaN
9399,NaN
9400,NaN
9401,NaN
9402,NaN
9403,NaN
9404,2
9405,NaN
9406,NaN
9407,NaN
9408,NaN
9409,NaN
9410,NaN
9411,NaN
9412,NaN
9413,NaN
9414,NaN
9415,NaN
9416,NaN
9417,NaN
9418,1
9419,1
9420,NaN
9421,NaN
9422,NaN
9423,NaN
9424,NaN
9425,NaN
9426,NaN
9427,NaN
9428,NaN
9429,1
9430,NaN
9431,NaN
9432,NaN
9433,NaN
9434,NaN
9435,NaN
9436,1
9437,NaN
9438,NaN
9439,NaN
9440,NaN
9441,NaN
9442,NaN
9443,NaN
9444,NaN
9445,NaN
9446,NaN
9447,NaN
9448,NaN
9449,NaN
9450,NaN
9451,1
9452,NaN
9453,NaN
9454,NaN
9455,NaN
9456,NaN
9457,NaN
9458,NaN
9459,NaN
9460,NaN
9461,NaN
9462,NaN
9463,NaN
9464,1
9465,NaN
9466,NaN
9467,NaN
9468,NaN
9469,NaN
9470,NaN
9471,1
9472,NaN
9473,NaN
9474,NaN
9475,1
9476,NaN
9477,NaN
9478,NaN
9479,NaN
9480,NaN
9481,NaN
9482,NaN
9483,NaN
9484,NaN
9485,NaN
9486,NaN
9487,NaN
9488,NaN
9489,NaN
9490,NaN
9491,NaN
9492,NaN
9493,NaN
9494,NaN
9495,NaN
9496,NaN
9497,NaN
9498,NaN
9499,NaN
9500,NaN
9501,NaN
9502,1
9503,NaN
9504,NaN
9505,NaN
9506,NaN
9507,NaN
9508,NaN
9509,NaN
9510,NaN
9511,1
9512,NaN
9513,NaN
9514,1
9515,NaN
9516,1
9517,NaN
9518,NaN
9519,NaN
9520,NaN
9521,NaN
9522,NaN
9523,NaN
9524,NaN
9525,NaN
9526,NaN
9527,1
9528,NaN
9529,NaN
9530,NaN
9531,NaN
9532,NaN
9533,NaN
9534,NaN
9535,NaN
9536,NaN
9537,NaN
9538,NaN
9539,NaN
9540,NaN
9541,NaN
9542,NaN
9543,NaN
9544,NaN
9545,NaN
9546,NaN
9547,NaN
9548,NaN
9549,NaN
9550,NaN
9551,NaN
9552,NaN
9553,NaN
9554,NaN
9555,NaN
9556,NaN
9557,NaN
9558,NaN
9559,1
9560,NaN
9561,NaN
9562,NaN
9563,NaN
9564,1
9565,NaN
9566,NaN
9567,NaN
9568,NaN
9569,NaN
9570,NaN
9571,NaN
9572,NaN
9573,NaN
9574,NaN
9575,NaN
9576,NaN
9577,NaN
9578,NaN
9579,NaN
9580,NaN
9581,1
9582,NaN
9583,NaN
9584,NaN
9585,NaN
9586,NaN
9587,NaN
9588,NaN
9589,NaN
9590,NaN
9591,NaN
9592,NaN
9593,NaN
9594,NaN
9595,NaN
9596,NaN
9597,NaN
9598,NaN
9599,NaN
9600,NaN
9601,NaN
9602,NaN
9603,NaN
9604,NaN
9605,NaN
9606,NaN
9607,NaN
9608,NaN
9609,NaN
9610,NaN
9611,NaN
9612,NaN
9613,NaN
9614,NaN
9615,NaN
9616,NaN
9617,NaN
9618,NaN
9619,NaN
9620,NaN
9621,NaN
9622,NaN
9623,NaN
9624,NaN
9625,NaN
9626,NaN
9627,NaN
9628,NaN
9629,NaN
9630,NaN
9631,NaN
9632,NaN
9633,NaN
9634,NaN
9635,NaN
9636,NaN
9637,1
9638,NaN
9639,NaN
9640,NaN
9641,NaN
9642,NaN
9643,NaN
9644,NaN
9645,NaN
9646,NaN
9647,NaN
9648,NaN
9649,NaN
9650,NaN
9651,NaN
9652,NaN
9653,NaN
9654,NaN
9655,NaN
9656,NaN
9657,NaN
9658,NaN
9659,NaN
9660,NaN
9661,NaN
9662,NaN
9663,NaN
9664,NaN
9665,NaN
9666,NaN
9667,1
9668,NaN
9669,NaN
9670,1
9671,NaN
9672,1
9673,NaN
9674,NaN
9675,NaN
9676,NaN
9677,NaN
9678,NaN
9679,NaN
9680,NaN
9681,NaN
9682,NaN
9683,NaN
9684,NaN
9685,1
9686,NaN
9687,NaN
9688,NaN
9689,NaN
9690,NaN
9691,NaN
9692,NaN
9693,NaN
9694,NaN
9695,NaN
9696,NaN
9697,NaN
9698,NaN
9699,NaN
9700,NaN
9701,NaN
9702,NaN
9703,NaN
9704,NaN
9705,NaN
9706,NaN
9707,NaN
9708,NaN
9709,NaN
9710,NaN
9711,NaN
9712,NaN
9713,NaN
9714,NaN
9715,1
9716,NaN
9717,NaN
9718,NaN
9719,NaN
9720,NaN
9721,NaN
9722,NaN
9723,NaN
9724,1
9725,NaN
9726,NaN
9727,NaN
9728,NaN
9729,NaN
9730,NaN
9731,NaN
9732,NaN
9733,NaN
9734,NaN
9735,NaN
9736,NaN
9737,NaN
9738,NaN
9739,NaN
9740,NaN
9741,NaN
9742,NaN
9743,NaN
9744,NaN
9745,NaN
9746,NaN
9747,NaN
9748,1
9749,1
9750,NaN
9751,NaN
9752,NaN
9753,NaN
9754,NaN
9755,NaN
9756,NaN
9757,NaN
9758,NaN
9759,3
9760,NaN
9761,NaN
9762,NaN
9763,NaN
9764,NaN
9765,NaN
9766,NaN
9767,NaN
9768,NaN
9769,NaN
9770,NaN
9771,NaN
9772,NaN
9773,NaN
9774,NaN
9775,NaN
9776,2
9777,NaN
9778,NaN
9779,NaN
9780,NaN
9781,NaN
9782,NaN
9783,NaN
9784,NaN
9785,NaN
9786,NaN
9787,NaN
9788,NaN
9789,NaN
9790,NaN
9791,NaN
9792,NaN
9793,NaN
9794,NaN
9795,NaN
9796,NaN
9797,NaN
9798,NaN
9799,NaN
9800,NaN
9801,NaN
9802,NaN
9803,NaN
9804,1
9805,NaN
9806,NaN
9807,NaN
9808,NaN
9809,NaN
9810,NaN
9811,NaN
9812,NaN
9813,NaN
9814,NaN
9815,NaN
9816,NaN
9817,NaN
9818,NaN
9819,NaN
9820,NaN
9821,NaN
9822,NaN
9823,NaN
9824,NaN
9825,NaN
9826,NaN
9827,NaN
9828,NaN
9829,NaN
9830,NaN
9831,NaN
9832,NaN
9833,NaN
9834,NaN
9835,NaN
9836,NaN
9837,NaN
9838,NaN
9839,NaN
9840,NaN
9841,NaN
9842,NaN
9843,NaN
9844,NaN
9845,NaN
9846,1
9847,NaN
9848,NaN
9849,NaN
9850,NaN
9851,NaN
9852,NaN
9853,NaN
9854,NaN
9855,NaN
9856,NaN
9857,NaN
9858,NaN
9859,NaN
9860,NaN
9861,NaN
9862,NaN
9863,NaN
9864,NaN
9865,1
9866,NaN
9867,NaN
9868,NaN
9869,NaN
9870,NaN
9871,NaN
9872,NaN
9873,NaN
9874,NaN
9875,NaN
9876,NaN
9877,NaN
9878,NaN
9879,NaN
9880,NaN
9881,NaN
9882,NaN
9883,NaN
9884,NaN
9885,NaN
9886,NaN
9887,NaN
9888,NaN
9889,NaN
9890,NaN
9891,NaN
9892,NaN
9893,NaN
9894,1
9895,1
9896,NaN
9897,NaN
9898,NaN
9899,NaN
9900,NaN
9901,NaN
9902,NaN
9903,NaN
9904,NaN
9905,NaN
9906,NaN
9907,NaN
9908,NaN
9909,NaN
9910,NaN
9911,NaN
9912,NaN
9913,NaN
9914,NaN
9915,NaN
9916,NaN
9917,NaN
9918,NaN
9919,NaN
9920,NaN
9921,NaN
9922,NaN
9923,NaN
9924,NaN
9925,NaN
9926,NaN
9927,NaN
9928,NaN
9929,NaN
9930,NaN
9931,NaN
9932,1
9933,NaN
9934,NaN
9935,NaN
9936,NaN
9937,NaN
9938,NaN
9939,NaN
9940,NaN
9941,NaN
9942,NaN
9943,NaN
9944,NaN
9945,NaN
9946,NaN
9947,NaN
9948,NaN
9949,NaN
9950,NaN
9951,NaN
9952,NaN
9953,NaN
9954,NaN
9955,NaN
9956,1
9957,NaN
9958,NaN
9959,NaN
9960,NaN
9961,NaN
9962,NaN
9963,NaN
9964,NaN
9965,NaN
9966,NaN
9967,NaN
9968,NaN
9969,NaN
9970,1
9971,NaN
9972,NaN
9973,NaN
9974,NaN
9975,NaN
9976,NaN
9977,NaN
9978,NaN
9979,NaN
9980,NaN
9981,NaN
9982,NaN
9983,NaN
9984,NaN
9985,NaN
9986,NaN
9987,NaN
9988,NaN
9989,NaN
9990,NaN
9991,NaN
9992,NaN
9993,NaN
9994,NaN
9995,NaN
9996,NaN
9997,NaN
9998,NaN
9999,NaN
10000,NaN
10001,NaN
10002,NaN
10003,NaN
10004,NaN
10005,NaN
10006,1
10007,NaN
10008,NaN
10009,NaN
10010,NaN
10011,NaN
10012,NaN
10013,NaN
10014,NaN
10015,NaN
10016,NaN
10017,NaN
10018,NaN
10019,NaN
10020,NaN
10021,NaN
10022,NaN
10023,NaN
10024,NaN
10025,NaN
10026,NaN
10027,NaN
10028,NaN
10029,NaN
10030,NaN
10031,NaN
10032,NaN
10033,NaN
10034,NaN
10035,NaN
10036,NaN
10037,NaN
10038,1
10039,NaN
10040,NaN
10041,NaN
10042,NaN
10043,NaN
10044,NaN
10045,NaN
10046,NaN
10047,NaN
10048,NaN
10049,NaN
10050,NaN
10051,NaN
10052,NaN
10053,NaN
10054,NaN
10055,NaN
10056,NaN
10057,NaN
10058,NaN
10059,NaN
10060,NaN
10061,NaN
10062,NaN
10063,NaN
10064,NaN
10065,1
10066,NaN
10067,1
10068,NaN
10069,NaN
10070,NaN
10071,NaN
10072,NaN
10073,NaN
10074,NaN
10075,NaN
10076,NaN
10077,NaN
10078,NaN
10079,NaN
10080,NaN
10081,NaN
10082,NaN
10083,NaN
10084,NaN
10085,NaN
10086,NaN
10087,NaN
10088,NaN
10089,NaN
10090,NaN
10091,NaN
10092,NaN
10093,NaN
10094,NaN
10095,NaN
10096,NaN
10097,NaN
10098,NaN
10099,NaN
10100,NaN
10101,NaN
10102,NaN
10103,NaN
10104,NaN
10105,NaN
10106,NaN
10107,NaN
10108,NaN
10109,NaN
10110,NaN
10111,NaN
10112,NaN
10113,NaN
10114,NaN
10115,NaN
10116,1
10117,NaN
10118,NaN
10119,NaN
10120,NaN
10121,NaN
10122,NaN
10123,NaN
10124,NaN
10125,NaN
10126,NaN
10127,NaN
10128,NaN
10129,NaN
10130,NaN
10131,1
10132,NaN
10133,NaN
10134,NaN
10135,NaN
10136,1
10137,NaN
10138,NaN
10139,1
10140,NaN
10141,NaN
10142,NaN
10143,NaN
10144,1
10145,NaN
10146,NaN
10147,1
10148,NaN
10149,NaN
10150,NaN
10151,NaN
10152,NaN
10153,NaN
10154,NaN
10155,1
10156,1
10157,NaN
10158,NaN
10159,NaN
10160,NaN
10161,NaN
10162,NaN
10163,NaN
10164,NaN
10165,NaN
10166,NaN
10167,NaN
10168,NaN
10169,NaN
10170,1
10171,NaN
10172,1
10173,NaN
10174,NaN
10175,1
10176,NaN
10177,NaN
10178,NaN
10179,NaN
10180,NaN
10181,NaN
10182,NaN
10183,NaN
10184,NaN
10185,NaN
10186,NaN
10187,NaN
10188,NaN
10189,NaN
10190,NaN
10191,NaN
10192,NaN
10193,NaN
10194,NaN
10195,NaN
10196,NaN
10197,NaN
10198,NaN
10199,NaN
10200,NaN
10201,NaN
10202,NaN
10203,NaN
10204,NaN
10205,NaN
10206,NaN
10207,NaN
10208,NaN
10209,NaN
10210,NaN
10211,NaN
10212,NaN
10213,NaN
10214,NaN
10215,NaN
10216,NaN
10217,NaN
10218,NaN
10219,NaN
10220,NaN
10221,NaN
10222,NaN
10223,NaN
10224,NaN
10225,NaN
10226,NaN
10227,1
10228,NaN
10229,NaN
10230,NaN
10231,1
10232,NaN
10233,NaN
10234,NaN
10235,NaN
10236,NaN
10237,NaN
10238,NaN
10239,NaN
10240,NaN
10241,NaN
10242,NaN
10243,NaN
10244,NaN
10245,NaN
10246,NaN
10247,NaN
10248,NaN
10249,NaN
10250,NaN
10251,1
10252,NaN
10253,NaN
10254,NaN
10255,NaN
10256,NaN
10257,NaN
10258,NaN
10259,NaN
10260,1
10261,NaN
10262,NaN
10263,NaN
10264,1
10265,1
10266,NaN
10267,NaN
10268,NaN
10269,NaN
10270,NaN
10271,NaN
10272,NaN
10273,NaN
10274,NaN
10275,NaN
10276,1
10277,NaN
10278,NaN
10279,NaN
10280,NaN
10281,NaN
10282,NaN
10283,NaN
10284,NaN
10285,NaN
10286,NaN
10287,NaN
10288,NaN
10289,NaN
10290,NaN
10291,NaN
10292,NaN
10293,NaN
10294,1
10295,NaN
10296,NaN
10297,NaN
10298,NaN
10299,1
10300,NaN
10301,NaN
10302,NaN
10303,NaN
10304,NaN
10305,NaN
10306,NaN
10307,NaN
10308,NaN
10309,NaN
10310,NaN
10311,NaN
10312,NaN
10313,NaN
10314,1
10315,NaN
10316,1
10317,NaN
10318,NaN
10319,NaN
10320,1
10321,NaN
10322,NaN
10323,NaN
10324,NaN
10325,NaN
10326,NaN
10327,NaN
10328,1
10329,NaN
10330,NaN
10331,NaN
10332,NaN
10333,NaN
10334,NaN
10335,NaN
10336,NaN
10337,NaN
10338,NaN
10339,NaN
10340,NaN
10341,NaN
10342,NaN
10343,1
10344,NaN
10345,NaN
10346,NaN
10347,NaN
10348,NaN
10349,NaN
10350,NaN
10351,NaN
10352,NaN
10353,NaN
10354,NaN
10355,NaN
10356,NaN
10357,NaN
10358,NaN
10359,NaN
10360,NaN
10361,NaN
10362,NaN
10363,NaN
10364,NaN
10365,NaN
10366,NaN
10367,NaN
10368,NaN
10369,1
10370,NaN
10371,NaN
10372,NaN
10373,NaN
10374,NaN
10375,NaN
10376,NaN
10377,1
10378,NaN
10379,NaN
10380,NaN
10381,NaN
10382,NaN
10383,NaN
10384,NaN
10385,NaN
10386,1
10387,NaN
10388,NaN
10389,NaN
10390,NaN
10391,NaN
10392,NaN
10393,NaN
10394,NaN
10395,NaN
10396,NaN
10397,NaN
10398,NaN
10399,1
10400,NaN
10401,NaN
10402,NaN
10403,NaN
10404,NaN
10405,NaN
10406,NaN
10407,NaN
10408,NaN
10409,NaN
10410,NaN
10411,NaN
10412,NaN
10413,NaN
10414,NaN
10415,NaN
10416,NaN
10417,NaN
10418,NaN
10419,NaN
10420,NaN
10421,NaN
10422,NaN
10423,NaN
10424,NaN
10425,NaN
10426,NaN
10427,NaN
10428,NaN
10429,NaN
10430,NaN
10431,NaN
10432,1
10433,NaN
10434,NaN
10435,NaN
10436,NaN
10437,NaN
10438,NaN
10439,NaN
10440,1
10441,1
10442,NaN
10443,NaN
10444,NaN
10445,NaN
10446,NaN
10447,NaN
10448,NaN
10449,NaN
10450,NaN
10451,NaN
10452,NaN
10453,NaN
10454,NaN
10455,NaN
10456,NaN
10457,NaN
10458,NaN
10459,NaN
10460,NaN
10461,NaN
10462,NaN
10463,NaN
10464,NaN
10465,NaN
10466,NaN
10467,NaN
10468,NaN
10469,NaN
10470,NaN
10471,NaN
10472,NaN
10473,NaN
10474,NaN
10475,NaN
10476,NaN
10477,NaN
10478,NaN
10479,NaN
10480,NaN
10481,NaN
10482,NaN
10483,NaN
10484,NaN
10485,NaN
10486,NaN
10487,1
10488,NaN
10489,NaN
10490,NaN
10491,NaN
10492,NaN
10493,NaN
10494,1
10495,NaN
10496,NaN
10497,NaN
10498,NaN
10499,NaN
10500,NaN
10501,NaN
10502,NaN
10503,NaN
10504,NaN
10505,NaN
10506,NaN
10507,NaN
10508,NaN
10509,NaN
10510,NaN
10511,NaN
10512,NaN
10513,NaN
10514,1
10515,NaN
10516,NaN
10517,NaN
10518,NaN
10519,NaN
10520,NaN
10521,NaN
10522,NaN
10523,NaN
10524,NaN
10525,NaN
10526,NaN
10527,NaN
10528,NaN
10529,1
10530,NaN
10531,NaN
10532,NaN
10533,NaN
10534,NaN
10535,NaN
10536,NaN
10537,NaN
10538,NaN
10539,NaN
10540,NaN
10541,NaN
10542,NaN
10543,NaN
10544,NaN
10545,NaN
10546,NaN
10547,NaN
10548,NaN
10549,NaN
10550,NaN
10551,NaN
10552,NaN
10553,NaN
10554,NaN
10555,NaN
10556,NaN
10557,NaN
10558,NaN
10559,NaN
10560,NaN
10561,NaN
10562,NaN
10563,NaN
10564,NaN
10565,NaN
10566,NaN
10567,NaN
10568,NaN
10569,NaN
10570,NaN
10571,NaN
10572,NaN
10573,NaN
10574,NaN
10575,NaN
10576,NaN
10577,NaN
10578,NaN
10579,NaN
10580,NaN
10581,NaN
10582,NaN
10583,NaN
10584,1
10585,NaN
10586,NaN
10587,NaN
10588,NaN
10589,NaN
10590,NaN
10591,NaN
10592,NaN
10593,NaN
10594,NaN
10595,NaN
10596,NaN
10597,NaN
10598,NaN
10599,NaN
10600,NaN
10601,NaN
10602,NaN
10603,NaN
10604,1
10605,NaN
10606,NaN
10607,NaN
10608,NaN
10609,NaN
10610,NaN
10611,NaN
10612,NaN
10613,NaN
10614,NaN
10615,NaN
10616,NaN
10617,NaN
10618,NaN
10619,NaN
10620,NaN
10621,NaN
10622,NaN
10623,NaN
10624,NaN
10625,NaN
10626,NaN
10627,1
10628,NaN
10629,NaN
10630,NaN
10631,NaN
10632,NaN
10633,NaN
10634,NaN
10635,NaN
10636,NaN
10637,NaN
10638,NaN
10639,NaN
10640,NaN
10641,NaN
10642,NaN
10643,NaN
10644,NaN
10645,NaN
10646,NaN
10647,NaN
10648,NaN
10649,NaN
10650,1
10651,NaN
10652,NaN
10653,NaN
10654,NaN
10655,NaN
10656,NaN
10657,NaN
10658,NaN
10659,NaN
10660,1
10661,NaN
10662,NaN
10663,NaN
10664,NaN
10665,NaN
10666,NaN
10667,NaN
10668,NaN
10669,NaN
10670,NaN
10671,NaN
10672,NaN
10673,NaN
10674,NaN
10675,NaN
10676,NaN
10677,NaN
10678,NaN
10679,NaN
10680,NaN
10681,NaN
10682,NaN
10683,NaN
10684,NaN
10685,NaN
10686,NaN
10687,NaN
10688,NaN
10689,NaN
10690,NaN
10691,NaN
10692,NaN
10693,NaN
10694,NaN
10695,NaN
10696,NaN
10697,1
10698,NaN
10699,NaN
10700,NaN
10701,NaN
10702,NaN
10703,NaN
10704,NaN
10705,NaN
10706,NaN
10707,NaN
10708,NaN
10709,NaN
10710,NaN
10711,NaN
10712,NaN
10713,NaN
10714,NaN
10715,NaN
10716,NaN
10717,NaN
10718,1
10719,NaN
10720,1
10721,NaN
10722,NaN
10723,NaN
10724,NaN
10725,NaN
10726,NaN
10727,NaN
10728,NaN
10729,NaN
10730,NaN
10731,NaN
10732,NaN
10733,NaN
10734,NaN
10735,NaN
10736,NaN
10737,NaN
10738,NaN
10739,NaN
10740,NaN
10741,NaN
10742,NaN
10743,NaN
10744,NaN
10745,NaN
10746,NaN
10747,NaN
10748,NaN
10749,1
10750,NaN
10751,NaN
10752,NaN
10753,NaN
10754,NaN
10755,NaN
10756,1
10757,NaN
10758,NaN
10759,NaN
10760,NaN
10761,NaN
10762,NaN
10763,NaN
10764,NaN
10765,NaN
10766,NaN
10767,1
10768,NaN
10769,NaN
10770,NaN
10771,NaN
10772,NaN
10773,NaN
10774,NaN
10775,NaN
10776,NaN
10777,NaN
10778,1
10779,NaN
10780,NaN
10781,NaN
10782,1
10783,NaN
10784,NaN
10785,NaN
10786,NaN
10787,NaN
10788,1
10789,NaN
10790,NaN
10791,NaN
10792,NaN
10793,NaN
10794,NaN
10795,NaN
10796,1
10797,NaN
10798,NaN
10799,NaN
10800,NaN
10801,NaN
10802,NaN
10803,NaN
10804,NaN
10805,NaN
10806,NaN
10807,NaN
10808,NaN
10809,NaN
10810,NaN
10811,NaN
10812,NaN
10813,NaN
10814,NaN
10815,NaN
10816,NaN
10817,NaN
10818,NaN
10819,NaN
10820,NaN
10821,NaN
10822,NaN
10823,NaN
10824,NaN
10825,NaN
10826,NaN
10827,NaN
10828,NaN
10829,NaN
10830,NaN
10831,NaN
10832,NaN
10833,NaN
10834,NaN
10835,NaN
10836,NaN
10837,NaN
10838,NaN
10839,NaN
10840,NaN
10841,NaN
10842,NaN
10843,NaN
10844,NaN
10845,NaN
10846,NaN
10847,NaN
10848,NaN
10849,NaN
10850,NaN
10851,NaN
10852,NaN
10853,NaN
10854,NaN
10855,NaN
10856,NaN
10857,NaN
10858,NaN
10859,NaN
10860,NaN
10861,NaN
10862,NaN
10863,NaN
10864,NaN
10865,NaN
10866,NaN
10867,NaN
10868,NaN
10869,NaN
10870,NaN
10871,NaN
10872,NaN
10873,NaN
10874,NaN
10875,NaN
10876,NaN
10877,NaN
10878,NaN
10879,NaN
10880,NaN
10881,NaN
10882,NaN
10883,1
10884,NaN
10885,NaN
10886,NaN
10887,NaN
10888,NaN
10889,NaN
10890,NaN
10891,NaN
10892,NaN
10893,NaN
10894,NaN
10895,NaN
10896,NaN
10897,NaN
10898,NaN
10899,NaN
10900,NaN
10901,NaN
10902,NaN
10903,NaN
10904,NaN
10905,NaN
10906,NaN
10907,NaN
10908,NaN
10909,NaN
10910,NaN
10911,NaN
10912,NaN
10913,NaN
10914,NaN
10915,NaN
10916,NaN
10917,NaN
10918,NaN
10919,NaN
10920,NaN
10921,NaN
10922,NaN
10923,NaN
10924,NaN
10925,NaN
10926,NaN
10927,NaN
10928,NaN
10929,NaN
10930,NaN
10931,NaN
10932,NaN
10933,NaN
10934,NaN
10935,NaN
10936,NaN
10937,NaN
10938,NaN
10939,NaN
10940,NaN
10941,NaN
10942,NaN
10943,NaN
10944,NaN
10945,NaN
10946,NaN
10947,NaN
10948,NaN
10949,NaN
10950,NaN
10951,NaN
10952,NaN
10953,NaN
10954,NaN
10955,NaN
10956,NaN
10957,NaN
10958,NaN
10959,NaN
10960,NaN
10961,NaN
10962,NaN
10963,NaN
10964,1
10965,NaN
10966,NaN
10967,NaN
10968,NaN
10969,NaN
10970,NaN
10971,NaN
10972,NaN
10973,1
10974,NaN
10975,NaN
10976,NaN
10977,NaN
10978,NaN
10979,NaN
10980,NaN
10981,NaN
10982,1
10983,NaN
10984,NaN
10985,NaN
10986,NaN
10987,NaN
10988,NaN
10989,NaN
10990,NaN
10991,NaN
10992,NaN
10993,NaN
10994,NaN
10995,NaN
10996,NaN
10997,NaN
10998,NaN
10999,NaN
11000,NaN
11001,NaN
11002,NaN
11003,NaN
11004,NaN
11005,NaN
11006,NaN
11007,NaN
11008,NaN
11009,NaN
11010,NaN
11011,NaN
11012,NaN
11013,NaN
11014,NaN
11015,NaN
11016,1
11017,NaN
11018,NaN
11019,NaN
11020,NaN
11021,NaN
11022,NaN
11023,NaN
11024,NaN
11025,NaN
11026,NaN
11027,NaN
11028,NaN
11029,1
11030,NaN
11031,NaN
11032,NaN
11033,NaN
11034,NaN
11035,NaN
11036,1
11037,NaN
11038,NaN
11039,NaN
11040,NaN
11041,NaN
11042,NaN
11043,NaN
11044,NaN
11045,NaN
11046,NaN
11047,NaN
11048,NaN
11049,NaN
11050,NaN
11051,NaN
11052,NaN
11053,NaN
11054,NaN
11055,NaN
11056,NaN
11057,NaN
11058,NaN
11059,NaN
11060,NaN
11061,NaN
11062,NaN
11063,NaN
11064,NaN
11065,NaN
11066,NaN
11067,NaN
11068,NaN
11069,NaN
11070,NaN
11071,NaN
11072,NaN
11073,NaN
11074,NaN
11075,NaN
11076,NaN
11077,NaN
11078,NaN
11079,NaN
11080,NaN
11081,NaN
11082,NaN
11083,NaN
11084,NaN
11085,NaN
11086,NaN
11087,NaN
11088,NaN
11089,NaN
11090,NaN
11091,NaN
11092,NaN
11093,NaN
11094,NaN
11095,NaN
11096,NaN
11097,NaN
11098,NaN
11099,NaN
11100,NaN
11101,NaN
11102,NaN
11103,NaN
11104,NaN
11105,NaN
11106,NaN
11107,NaN
11108,NaN
11109,NaN
11110,NaN
11111,NaN
11112,NaN
11113,NaN
11114,NaN
11115,NaN
11116,NaN
11117,NaN
11118,NaN
11119,NaN
11120,NaN
11121,NaN
11122,NaN
11123,NaN
11124,NaN
11125,NaN
11126,NaN
11127,NaN
11128,NaN
11129,NaN
11130,NaN
11131,NaN
11132,NaN
11133,NaN
11134,NaN
11135,NaN
11136,NaN
11137,NaN
11138,NaN
11139,NaN
11140,NaN
11141,NaN
11142,NaN
11143,NaN
11144,NaN
11145,NaN
11146,NaN
11147,NaN
11148,NaN
11149,NaN
11150,NaN
11151,NaN
11152,NaN
11153,NaN
11154,NaN
11155,NaN
11156,NaN
11157,NaN
11158,NaN
11159,NaN
11160,NaN
11161,NaN
11162,NaN
11163,NaN
11164,NaN
11165,NaN
11166,NaN
11167,NaN
11168,NaN
11169,NaN
11170,NaN
11171,NaN
11172,NaN
11173,NaN
11174,NaN
11175,NaN
11176,NaN
11177,NaN
11178,NaN
11179,NaN
11180,NaN
11181,NaN
11182,NaN
11183,NaN
11184,NaN
11185,NaN
11186,NaN
11187,NaN
11188,NaN
11189,NaN
11190,NaN
11191,NaN
11192,NaN
11193,NaN
11194,NaN
11195,NaN
11196,NaN
11197,NaN
11198,NaN
11199,NaN
11200,NaN
11201,NaN
11202,NaN
11203,NaN
11204,NaN
11205,NaN
11206,NaN
11207,NaN
11208,NaN
11209,NaN
11210,NaN
11211,NaN
11212,NaN
11213,NaN
11214,NaN
11215,NaN
11216,NaN
11217,NaN
11218,NaN
11219,NaN
11220,NaN
11221,NaN
11222,NaN
11223,NaN
11224,NaN
11225,NaN
11226,NaN
11227,NaN
11228,NaN
11229,NaN
11230,NaN
11231,NaN
11232,NaN
11233,NaN
11234,NaN
11235,NaN
11236,NaN
11237,NaN
11238,NaN
11239,NaN
11240,NaN
11241,NaN
11242,NaN
11243,NaN
11244,NaN
11245,NaN
11246,NaN
11247,NaN
11248,NaN
11249,NaN
11250,NaN
11251,NaN
11252,NaN
11253,NaN
11254,NaN
11255,NaN
11256,NaN
11257,NaN
11258,NaN
11259,NaN
11260,NaN
11261,NaN
11262,NaN
11263,NaN
11264,NaN
11265,NaN
11266,NaN
11267,NaN
11268,NaN
11269,NaN
11270,NaN
11271,NaN
11272,NaN
11273,NaN
11274,NaN
11275,NaN
11276,NaN
11277,NaN
11278,NaN
11279,NaN
11280,NaN
11281,NaN
11282,NaN
11283,NaN
11284,NaN
11285,NaN
11286,NaN
11287,NaN
11288,NaN
11289,NaN
11290,NaN
11291,NaN
