TimeStep,CellNumber,Orientation,Center_X,Center_Y
1,1,-83.6461691249024,15700.9904576339,48797.7005895284
1,2,-77.8157654821787,16588.1473850224,59026.4741045991
1,3,53.8560253235534,41240.733888375,60588.5227155926
1,4,-27.7971613157196,46257.8396087117,18789.5773348099
1,5,-32.3083445567177,53001.3549099558,105766.445803602
1,6,-3.58622937304503,69004.9491094148,20861.8235793045
1,7,-31.8284326672481,82032.9172347194,68399.2104067257
1,8,78.4210752626786,84539.9738008867,39644.0959626495
1,9,-31.4602314821356,97247.7289450799,91343.0020402703
1,10,-9.85902274685381,99359.4449485784,79029.4250352894
1,11,-27.0224930166737,99660.9843967402,85559.339594514
1,12,28.8880235162557,116382.431443024,29589.7996538871
2,1,-82.192425462141,15653.4192769898,48745.1007190701
2,2,-77.0459601132632,16541.3225838859,59048.8120353627
2,3,54.5246737591439,41178.5096397768,60688.4094368341
2,4,-27.0416499260823,46215.2669270833,18871.7737268519
2,5,-30.7902766703354,52955.0696529863,105812.675175175
2,6,-3.60414215851308,68956.1373873874,20938.1026860194
2,7,-31.7274908110192,81975.122798103,68434.2282068654
2,8,78.2904924406795,84500.7708705136,39690.8577896755
2,9,-31.6116377723502,97203.1741352201,91375.4766116352
2,10,-9.31408919716067,99314.9407407407,79063.7716049383
2,11,-25.8469958199319,99452.6273372018,85493.3403180744
2,12,29.2910212566484,116305.797625307,29626.7952593761
3,1,-80.9812667497429,15667.2120418848,48686.8734244716
3,2,-76.1502508584753,16545.9664300503,59120.9541062802
3,3,55.1197383159244,41164.6970839618,60784.7285067873
3,4,-27.141875667595,46259.6235239721,18927.5892730118
3,5,-29.6706982497338,52913.0773578811,105817.694202196
3,6,-4.05030364827959,69015.3729922172,20990.1463404537
3,7,-31.3666687021265,81998.9172790024,68458.8607771098
3,8,77.9367169127642,84466.3939364335,39795.5459489384
3,9,-31.5836221892407,97204.4711694202,91383.4321347587
3,10,-9.816091463357,99331.0327949094,79094.1764561919
3,11,-26.0376873542443,99414.6237080103,85506.9067614126
3,12,28.8153485483982,116284.306205582,29683.9660253077
3,13,15.5745185212102,46808.722071256,102184.288194444
4,1,-79.5219543861866,15712.6317663818,48750.1198955366
4,2,-74.6762512729905,16613.6381341903,59259.0916837082
4,3,56.4248007176077,41196.0556057866,60895.7918927065
4,4,-27.1549666388561,46414.1291055206,19074.6278825996
4,5,-30.0218394250676,52996.7722715319,105909.003122945
4,6,-3.98016228323861,69128.6329496285,21115.9921218059
4,7,-30.979998172322,82059.6808862434,68577.4801587302
4,8,78.2205819762998,84495.6011801122,39914.8707035532
4,9,-31.323803264428,97252.0797434425,91494.7707256366
4,10,-10.0445627439824,99346.6396672504,79169.8822728157
4,12,28.9982241150217,116329.429371232,29779.5036606374
4,13,15.8290752102386,46952.0744419917,102264.826465538
4,14,-21.6948444437176,98583.5589651023,85222.5782190132
5,1,-78.5983610772959,15687.934545799,48623.9355403997
5,2,-73.7796211418205,16597.383115654,59266.2159284497
5,3,56.2152343295218,41129.8317859639,60944.6590795647
5,4,-26.4338583135712,46419.6578569965,19119.167861777
5,5,-29.5882110651892,52956.7321428571,105923.795634921
5,6,-4.0329036439249,69151.7459452917,21144.890260631
5,7,-31.0841551049044,82050.462508186,68605.0548461035
5,8,78.1831327350512,84489.7729440946,39989.9963429371
5,10,-9.4102186387927,99374.2426442122,79220.5828977933
5,12,29.5869042222007,116272.497420021,29778.7312951496
5,14,-21.6331677012154,98545.579492916,85246.556781563
5,15,-22.6884030767248,44098.96372042,103506.940526563
5,16,17.6002162070284,51807.6706395728,100092.733163996
5,17,-29.9148990173941,93714.8169858017,89510.4337631887
5,18,-41.162267715963,100579.943450162,93447.0451155854
6,1,-76.6368635878187,15702.7337228715,48666.842886292
6,2,-73.1420268487815,16665.0595407534,59331.4379922194
6,3,56.5749154239363,41212.6071217494,61033.839391253
6,4,-25.9965198621772,46577.5032103271,19233.5774871587
6,5,-29.6288176741692,52964.3324502248,106020.682803468
6,6,-4.39566044542048,69220.057745918,21253.7863401035
6,7,-30.5332866166534,82112.535025326,68703.8999353379
6,8,78.2753910210993,84488.1932720565,40106.5849121491
6,10,-10.2946315484531,99439.8401826484,79282.7280726788
6,12,30.1308691483945,116330.43812452,29898.1200358698
6,14,-21.5714909587132,98507.6000207297,85270.5353441128
6,15,-20.5459090170969,44064.4625394625,103620.465657966
6,16,17.6550410646266,51920.5410188345,100155.3770067
6,17,-29.2577740838507,93693.5066614927,89555.8627603156
6,18,-40.6533754122182,100678.125763126,93535.1510989011
7,1,-74.4115476634027,15650.7174392936,48584.6256438558
7,2,-72.4156117517729,16646.664824028,59311.8608347153
7,3,57.3423778872874,41164.7374496512,61069.5451419589
7,4,-25.9619091531274,46738.6379447426,19379.5327304048
7,5,-29.2339582528308,53000.3253968254,105990.067460317
7,6,-4.2851747241256,69292.0633507439,21303.1042260209
7,7,-30.3178307079248,82084.231078905,68704.2391304348
7,8,77.9660267991433,84491.858854653,40146.1111111111
7,10,-10.0625926697241,99397.9066534728,79325.4794552823
7,12,29.4562457239745,116270.70352077,29903.2780310706
7,16,17.595501308028,52114.1676168757,100136.193462562
7,17,-28.9737842095009,93602.8271534149,89568.7404434251
7,18,-40.5380675496804,100702.683974824,93571.8076736868
7,19,10.3605516094888,42974.2775742776,102192.270383937
7,20,7.62157160053277,45478.8893222396,105552.927283758
8,1,-73.0760982333666,15646.3794498382,48523.926869831
8,2,-71.2372753080414,16695.4974954463,59348.2103825137
8,3,57.603187839685,41168.7692566917,61093.2240516079
8,4,-25.7136938506676,46786.8189024785,19429.5905325827
8,5,-28.8361911705015,53046.3349858357,106009.972064841
8,6,-4.40930799224738,69330.3913519431,21325.6773399015
8,7,-30.1150114445971,82122.8654694392,68755.1551669817
8,8,77.6632929090622,84473.3210558625,40143.6748004911
8,10,-9.64151021999166,99392.1693789749,79346.3442293303
8,12,30.0314752806577,116265.533459596,29955.2430555556
8,16,17.4563042968094,52240.6734947238,100148.289882061
8,17,-28.9064931146915,93481.8632135576,89543.8599006116
8,18,-39.9310963258891,100719.914237209,93581.833216251
8,19,9.92320404923481,42923.7608117099,102251.477045908
8,20,8.27309127658594,45393.7881097561,105619.569359756
9,1,-71.659792832463,15670.7453443821,48501.9936737058
9,2,-70.0724006296831,16696.8215596741,59335.03335124
9,3,58.2849356371074,41146.4531580974,61221.0066435586
9,4,-25.2626099921867,46920.7645685409,19542.3047399731
9,5,-28.9183090979963,53113.7022318561,106047.701910726
9,6,-4.54715672362717,69355.0361649738,21371.7615035396
9,7,-30.1161479857162,82102.7817123072,68788.335431749
9,8,77.3136735908739,84474.8726346434,40322.0956149927
9,10,-9.15717195379197,99456.6032935517,79357.0820612453
9,12,30.347274733105,116261.513460413,30002.0378730875
9,16,17.5006641558065,52391.2613792243,100183.147836389
9,17,-27.6317829854624,93477.6270817798,89572.2113472533
9,18,-39.5630278771795,100832.560107376,93626.5552054155
9,19,9.45933595956467,42872.3794243485,102302.262414106
9,20,7.93969087628881,45343.8416422287,105678.152492669
10,1,-68.9618324784051,15514.9014617593,48406.3875837466
10,2,-69.8405186799231,16754.9861221253,59355.9102123535
10,3,58.1682011469109,41173.3010170136,61230.9357475525
10,4,-24.9773732328023,46976.1730320792,19596.2752883343
10,5,-27.227964721019,53136.9677544677,106040.312742813
10,6,-4.70245772536235,69447.9247140801,21439.3660531697
10,7,-29.8219172392841,82134.46213067,68858.7208697461
10,8,77.0496829004576,84428.4036397434,40369.4481921209
10,10,-9.36100598176509,99570.0207937799,79462.4050718741
10,12,29.9528223796083,116246.20128524,30028.6287313433
10,16,17.7403715046583,52388.0802266082,100181.732760721
10,17,-28.2854599944079,93331.50105055,89579.8526140156
10,18,-39.0949340061134,100842.544010059,93659.5964791952
10,19,8.59518213898639,42708.772183642,102359.043852881
10,20,8.75458084450099,45216.3088921048,105725.100498472
11,1,-68.4787089149663,15486.863778794,48270.325203252
11,2,-69.2052391893485,16674.1975067327,59342.2422031101
11,3,58.5034077891393,41190.7836879433,61312.1773049645
11,4,-25.3664597718391,47127.6107107662,19681.5387102735
11,5,-26.0146066917023,53002.7100271003,106066.845453177
11,6,-4.52777364217961,69521.1777402402,21486.0735735736
11,7,-29.2826641952939,82170.9342737402,68892.4371358479
11,8,76.9342549560757,84401.3295346629,40540.3289707977
11,10,-9.44214925004397,99527.2887638442,79451.5675241157
11,12,30.1964791131209,116243.260825163,30076.8995098039
11,16,17.4385929467121,52462.6321321321,100232.366366366
11,17,-27.6237395877551,93289.4932714065,89617.655114922
11,18,-39.8636665145929,100928.5608139,93731.0956790123
11,19,8.45615217582231,42553.5703075957,102357.774639046
11,20,9.31640947630228,44964.2273402675,105793.495129602
12,1,-66.7390029060602,15445.110149653,48288.4823593345
12,2,-68.4114384001322,16766.4603422813,59385.8222569716
12,3,59.1876011239824,41199.4697621095,61332.5248399733
12,4,-25.1174763573673,47211.8709825528,19780.5318334864
12,5,-24.7214919927423,52980.098355617,106010.69809436
12,6,-4.43103052883505,69518.3121980676,21536.9395380435
12,7,-29.0560097219618,82174.1000832293,68893.0737619642
12,8,76.0242821259269,84339.0469195157,40659.7118352327
12,10,-8.94903746100971,99605.9520609319,79492.9245071685
12,12,30.569161116716,116232.802560925,30115.9438248658
12,16,16.1965061988927,52380.6573275862,100313.007363506
12,17,-27.394983581246,93216.0694896851,89634.8579442635
12,18,-38.1579536099807,100962.105413105,93696.1495726496
12,19,10.2648767717913,42324.0497076023,102484.366259853
12,20,9.82874336674911,44858.6557177616,105810.158150852
13,1,-65.9023311296271,15380.2474859875,48223.7800857237
13,2,-67.4298415045513,16812.3538573135,59423.5471070148
13,3,59.2799345944707,41222.1281399944,61362.5729137266
13,4,-25.1728671821229,47399.1918103448,19857.9105304119
13,5,-24.2423534217681,52972.7018109269,105954.417971148
13,6,-4.49792155754878,69540.520903197,21543.6964378866
13,7,-29.2016807878626,82165.9799097991,68906.2218122181
13,8,75.9376823305942,84317.3328935796,40732.1503957784
13,10,-8.80777337858102,99631.2135084926,79538.6091206652
13,12,30.7905395068978,116219.229908899,30150.7493492761
13,16,15.515643976711,52366.7593573446,100403.022010358
13,17,-26.7802602131766,93093.478978979,89618.7132132132
13,18,-37.614563018678,100997.790466733,93689.4750634448
13,19,10.7350407490462,42078.6818068068,102573.714339339
13,20,10.6269754033797,44719.8599240266,105858.459955682
14,1,-65.691105012257,15382.224873552,48225.6546744983
14,2,-66.12708322264,16889.2029802154,59485.3305785124
14,3,58.854326323369,41250.118947663,61350.158596884
14,4,-24.1110187973199,47432.5247437257,19928.8581065158
14,5,-23.0349625026143,52940.7306351372,105921.64809762
14,6,-4.52996526200414,69526.5619247478,21559.1874677859
14,7,-29.0477975942984,82141.3927115189,68930.997706422
14,8,76.1462994024657,84317.8557938168,40791.2221059972
14,10,-9.216997966245,99572.3584946799,79541.9740973312
14,12,30.8841859924413,116210.385723561,30167.6538024511
14,16,14.9089219145236,52330.4597207919,100461.555956059
14,17,-26.9117910250731,92964.2380002418,89619.7587957925
14,18,-36.9043935457506,100999.799666559,93677.8678606002
14,19,10.8705187772304,41879.0101289134,102653.070902394
14,20,11.1984074935394,44609.253968254,105891.793650794
15,1,-64.8959483430794,15407.4151684483,48155.3237366375
15,2,-65.4188269944254,16885.7445421962,59432.7101661779
15,3,59.0332215673044,41303.7892387002,61327.9469299457
15,4,-23.8746185999242,47612.847947112,19979.2638019021
15,5,-26.1824150710165,52896.7330997226,105720.453715871
15,6,-4.60196140598315,69566.9167766051,21582.0415567282
15,7,-28.7532503478791,82156.3204508857,68964.380787037
15,10,-9.03377656209788,99622.9118179467,79553.4415136626
15,12,30.8267293865106,116187.75821028,30206.5651980957
15,16,11.9505068123078,52421.1823003908,100801.197654941
15,17,-25.8318879843061,92867.8077516619,89616.2971866097
15,18,-37.1818929074139,101022.540453074,93683.735167206
15,19,13.0946210885724,41711.5432435711,102716.102620087
15,20,11.1001271053628,44477.0212765957,105923.154058314
15,21,74.2809706248198,83211.4132902054,45310.8642605834
15,22,72.7885295522687,85477.2691082802,36209.3433003067
16,1,-63.5926576915636,15369.019434629,48190.0677267373
16,2,-64.3163982643176,16994.978789362,59528.271333007
16,3,60.4451406980764,41261.5539617486,61292.5364298725
16,5,-26.3180991523915,52939.918996893,105791.995857375
16,6,-4.71793995729388,69600.1822523881,21640.3056094233
16,7,-28.970902920055,82150.2275227523,68982.9795479548
16,10,-9.16650183528628,99606.6566470538,79560.8648844547
16,12,30.5569799922312,116192.460746615,30220.1093487142
16,16,8.57647633299894,52342.3123420156,100975.049455984
16,17,-19.9271583370778,92755.1984959776,89590.5634254401
16,18,-36.8081946657327,100992.400545396,93677.4395786547
16,19,14.8781034435854,41428.4886146877,102776.998390558
16,20,10.4129023691428,44355.5946791862,105916.559076682
16,21,74.2586993453229,83136.2441196237,45408.0477150538
16,22,72.6778397772086,85486.4108187135,36162.1359649123
16,23,-23.5771671778774,44146.0632990334,18478.5924020372
16,24,-27.3751065305865,52355.0979078964,21991.0973976272
17,1,-62.6012825660265,15313.7288201765,48141.2752791442
17,2,-64.2732283887621,16945.6159767089,59509.4071548217
17,3,60.0652426077665,41330.5589293747,61283.2130004498
17,5,-26.7609444195576,52979.949427339,105816.568124349
17,6,-5.14521726965044,69626.1435809605,21637.8300506672
17,7,-28.5973093669065,82130.5864197531,68980.4419753086
17,10,-9.03460133813516,99608.4867204572,79575.1386787695
17,12,30.8073421345174,116150.695437927,30257.8862660944
17,16,-2.20252839252197,52216.9393154087,101058.834089191
17,17,-15.2408642306256,92559.0227611512,89581.8914115354
17,18,-35.6618918931942,100974.022190294,93688.8569604087
17,21,74.6806005735728,83167.956444873,45314.9349083896
17,22,71.7059033853814,85580.1695065673,35925.664122589
17,23,-22.8368401839423,44114.3345771144,18501.0883084577
17,24,-26.2456429789044,52528.8848854398,22048.806664203
17,25,-6.53883184318801,42785.0854336429,104157.287916114
18,1,-61.9902854285413,15319.3387059899,48218.2860844383
18,2,-63.3749398318613,16974.9178933207,59535.8984251345
18,3,60.5621400769629,41338.5226866738,61203.9668185066
18,5,-26.5584005248238,53103.2944884198,105817.974934037
18,6,-5.1836599055182,69570.5296248934,21643.3903452685
18,7,-28.4453117278546,82199.2586836392,69049.514012236
18,10,-9.2118001794811,99596.1956975773,79570.4866332498
18,12,30.7383111331241,116152.58586578,30301.0733222539
18,16,-6.43979917809315,52241.941260745,100945.659556405
18,17,14.9111991337934,92576.849002849,89923.7792022792
18,18,-29.4588446338876,100385.230513308,93692.5129383185
18,21,74.2929519170315,83100.5730852211,45472.7130528587
18,22,72.1424624245037,85533.3449194763,35955.7438303789
18,23,-23.1392408614509,44166.3974825599,18520.6728338894
18,24,-25.7475876793683,52753.4440175631,22096.2419197463
18,25,-7.26672750276344,42969.8799173758,104194.83521396
19,1,-61.3329861809681,15298.4030100334,48149.2112597547
19,2,-62.9973464913951,16991.803436585,59546.4179765757
19,3,60.4260759595642,41394.8839525418,61184.8099073352
19,6,-4.95911628843812,69534.5584178219,21679.8477481206
19,7,-28.6873249759192,82199.3584198385,69057.7758554402
19,10,-9.3679286866148,99555.7241490045,79559.4181518947
19,12,31.1822932743808,116129.327444599,30328.0644661398
19,17,18.3448902955091,92424.7881355932,90061.2121967431
19,18,-29.1994648534036,100329.082843289,93692.6351490767
19,21,74.106689919761,83134.4625322997,45515.0607235142
19,22,71.923653976731,85676.1538461538,35857.056980057
19,23,-23.0928056980158,44145.3707793483,18580.6684334511
19,24,-24.727336168012,53015.9780578898,22155.8896475257
19,26,4.17199364781516,42473.3370702541,102695.904957648
19,27,5.87926717859693,44627.9400474595,106231.981085985
19,28,-42.3976439195857,52202.4052217453,102519.796137339
20,1,-60.4240341569366,15318.5447297198,48158.2309267793
20,2,-62.5640296261062,17171.1947086353,59647.8440141908
20,3,61.0528452713942,41391.4139467146,61188.1767754648
20,6,-5.01951905862353,69465.9675386607,21702.3221949724
20,7,-28.3939780378251,82170.3869895536,69044.1892212726
20,10,-9.27713549816565,99516.8104481188,79569.1419043055
20,12,31.6849278795249,116128.707227989,30319.7241445598
20,17,21.3699962371101,92366.3505188068,90159.6019779507
20,18,-28.5532611900182,100281.92377261,93700.8953488372
20,21,73.6459792927434,83056.3591731266,45649.1162790698
20,22,72.60408297082,85632.3692152918,35832.3203107534
20,23,-23.5123937950327,44198.7275669314,18610.8181327842
20,24,-22.4376486874657,53289.0628479181,22194.0700846137
20,26,1.7435712484225,42785.0404402015,102644.020153805
20,27,1.56743242939491,44877.288859916,106395.846008982
20,28,-43.2455332192438,52196.2441846414,102419.503353272
21,1,-60.2492924243234,15276.2392746413,48176.2582017449
21,2,-62.280285275417,17130.8558307303,59738.335750409
21,3,61.4241154390938,41410.2269829125,61168.3467227748
21,7,-27.6306136484357,82234.0260107436,69066.7974271982
21,10,-9.65337385373701,99465.2709118016,79595.8598163842
21,12,31.698604291305,116127.655593738,30362.892325315
21,17,24.7467552226804,92247.2868217054,90241.2050495263
21,18,-28.7666640758839,100179.826707441,93636.7698776758
21,21,74.5311702978159,83096.3674230809,45722.693703363
21,22,72.2749973130049,85631.8468317715,35788.1721329764
21,23,-25.2697877177048,44709.323681936,18877.2699990397
21,26,4.14818818659013,42798.2106241189,102644.295463283
21,27,2.70680946670269,44969.4060166886,106364.359171424
21,28,-44.6808408755605,52244.7537441544,102338.634345587
21,29,-8.74562530451496,65677.9750449063,21309.8553374391
21,30,1.30072542627056,73384.4591750842,22108.075547138
22,1,-59.406127624992,15287.1118891011,48227.2597071929
22,2,-62.2433466714435,17113.4602649007,59695.1398086829
22,3,61.592367849356,41469.6591774562,61167.4483794533
22,7,-27.6793996914397,82251.7693744164,69117.3190943044
22,10,-9.69391220524739,99420.9035580524,79608.7400514981
22,12,31.4717326611593,116070.654490107,30382.8652968037
22,17,28.6371570905501,92185.7953329052,90418.1679511882
22,18,-27.4260313435022,100089.832261029,93643.2074652778
22,21,74.3421938671031,83025.720351835,45785.6763724598
22,22,72.6109564216351,85645.4486111111,35767.9625
22,26,3.03245636153419,42671.5134099617,102638.058748404
22,27,1.87961193999826,44999.0414710485,106360.241499502
22,28,-43.5001300258561,52228.9732770745,102364.537916081
22,29,-7.68535634927363,65719.9036214953,21398.0740524403
22,30,1.52862126003885,73437.1672271263,22164.4983886787
22,31,-22.018382117542,45821.7811561562,19373.5782657658
22,32,0.434880647134719,55515.7178075909,21153.3783396399
23,1,-58.8457587078019,15276.6764561919,48198.6801622264
23,2,-62.0260077404074,17083.8671733623,59617.7207745204
23,3,62.2093434067612,41463.5994064041,61149.0772092634
23,7,-26.8866062628468,82389.4333702473,69179.0190107051
23,10,-9.68573134804254,99342.2222222222,79616.8175701653
23,12,31.8639951772168,116044.143864013,30433.1863410222
23,17,29.6069132315981,92105.4003577441,90430.7081228956
23,18,-26.9055494919062,100018.433080808,93630.1085858586
23,21,69.3959062862649,83107.3309509327,46017.7045316302
23,22,70.9334694040872,85597.5228126677,35859.435050993
23,26,3.57096636189475,42604.0605493134,102673.593945069
23,27,2.87919011124715,45031.0721868365,106372.162066525
23,28,-43.2273066152235,52252.5982173763,102357.025210569
23,29,-7.355713410947,65552.6008909853,21420.84971174
23,30,1.27750966726889,73349.7554050356,22167.6518883415
23,31,-22.554722410493,46312.1919988926,19602.7535529716
23,32,6.08288662220741,56092.0273801409,21014.625937287
24,1,-58.5878007935944,15262.6330982507,48215.1948074397
24,2,-61.8282523908829,17090.9956205411,59634.6948506039
24,3,62.2898589031969,41412.7997454217,61132.7646382524
24,7,-26.9757132513945,82441.0496375814,69185.810624828
24,10,-9.71712191078589,99262.1567960064,79605.5423190379
24,12,32.4021419220085,115935.284280936,30548.7857673727
24,17,29.9521502583113,92029.6664070613,90476.290238837
24,18,-26.0146512841029,99969.7919791979,93680.4405440544
24,21,68.9629122891677,83099.3474041727,45943.3745754488
24,22,69.4358317098549,85698.8172743055,35710.1372612847
24,26,3.51617627745298,42482.7955998033,102709.259771386
24,27,1.60886749526823,45142.5726170333,106381.079032713
24,28,-42.8305225403348,52295.9655407711,102386.889429091
24,29,-6.59551996204367,65394.4377910845,21359.1101131071
24,30,0.435276164040303,73333.6805555555,22177.3330026455
24,31,-24.7853949326139,46561.1234219715,19740.7735697019
24,32,7.06197167095036,56478.8968011755,20907.3767943936
25,1,-57.2969333845058,15262.5265120416,48250.1813081554
25,2,-62.2233198178534,17131.1323338126,59644.1149791196
25,3,62.2363587009974,41482.78998779,61178.257020757
25,7,-25.8251132562885,82612.5067421791,69270.7423139158
25,10,-9.70107052312767,99301.8506081636,79613.8179986568
25,12,31.6631630857657,115884.130251793,30548.8590616308
25,17,31.3345612896065,91937.251756798,90531.4759649659
25,18,-25.3256173703413,99904.2754792645,93706.441950313
25,21,69.0891460235291,83069.9477351916,46077.1414053426
25,22,69.3209274214953,85710.3290312301,35723.8089547482
25,26,3.17105286977301,42420.0819672131,102751.250758956
25,27,0.645104021033902,45142.9723991507,106427.213375796
25,29,-7.275787643287,65478.6767559177,21410.4077738973
25,30,-0.192404354111389,73511.733490566,22204.8234407757
25,31,-25.1369353951782,46309.0739258073,19706.9744684637
25,32,8.24096492853103,56356.6802168022,20890.1233062331
25,33,-16.8704370929218,51641.4910061832,100264.441633877
25,34,-56.0439716225287,53369.0413368514,105734.434549985
26,1,-57.9769758523175,15288.2369614512,48331.4025610244
26,2,-61.5983899190823,17157.8484912133,59775.3824476651
26,3,62.4067150187504,41441.2379588108,61072.3457482146
26,7,-25.4769015470848,82619.5128626163,69292.3040959679
26,10,-9.53749363845762,99254.8814663334,79604.0530561236
26,12,31.9022565200037,115871.250556297,30599.7042352767
26,17,32.0149043067479,91890.855940131,90592.7723209645
26,18,-24.5661770370195,99887.1378968254,93702.6599702381
26,21,68.7828467131826,83130.3117418729,45855.4112081514
26,22,67.0192265993876,85804.375,35506.7374727669
26,26,2.81751147044383,42388.4049773756,102723.581259427
26,27,2.17895434267312,45213.9801938474,106335.963618486
26,29,-6.48651349138608,65442.174432497,21390.4719235364
26,30,-0.312421851146794,73600.4635128002,22249.3006070203
26,31,-24.3606976322767,46307.311709135,19729.9640318946
26,32,10.6711567932832,56478.7224471435,20862.2708614485
26,33,-17.4544611852573,51679.0478248343,100227.002304811
26,34,-55.35929039363,53343.287037037,105724.537037037
27,1,-58.1505506327609,15378.1136528686,48415.6582161484
27,2,-61.3179262810511,17205.2616697512,59797.3567413805
27,3,63.379076021871,41442.2156182929,61041.1703401024
27,7,-25.0525155114335,82696.4414658363,69322.9826699161
27,10,-9.64211973106235,99265.4341799655,79607.8856671911
27,12,32.332599239777,115811.286908181,30620.2461158972
27,17,32.7163747250605,91837.9774305555,90588.6642156863
27,18,-23.9185330427361,99836.1111111111,93711.1481810992
27,21,68.0973684476597,83151.7521553812,45784.5272692047
27,22,65.5340602104741,85863.3870882322,35371.2689333757
27,26,2.79735512241905,42377.0385802469,102682.439814815
27,27,0.425057526494413,45242.1066252588,106340.588336784
27,29,-5.91325658259652,65451.1841062227,21471.6243889549
27,30,-0.0821581993692035,73736.751886547,22276.6360915951
27,31,-24.4215302733147,46195.3288733004,19641.4458300857
27,32,12.9442331478974,56461.3584474886,20780.9238421396
27,33,-17.4763884010906,51710.7700630351,100252.06628093
27,34,-54.8892791936697,53442.8201197255,105833.333333333
28,1,-57.935701947186,15390.1380718954,48353.9011437908
28,2,-62.0698599942515,17173.6327734453,59741.8691261748
28,3,62.955936845001,41453.1927197468,61008.5230500771
28,7,-25.0314007587793,82874.4649545211,69411.8590601034
28,10,-9.6320799978069,99226.6828336273,79587.3199588477
28,12,32.4168821880688,115818.814536067,30621.4805119255
28,17,32.6455634108815,91790.1871159464,90595.4442429737
28,18,-22.4476861682451,99823.0167394469,93730.8988355168
28,21,67.8921736075029,83197.0631160877,45729.9968896545
28,22,64.197868003918,85981.8705111956,35247.2618293198
28,26,2.8758162837762,42279.4153323629,102668.731804949
28,27,-0.26668947241042,45278.0301510897,106351.037906137
28,29,-2.84006194971306,65395.3524387063,21592.3187271779
28,30,-0.926368832697605,73810.4182667691,22284.134984639
28,31,-24.7217340716614,46276.9138400068,19691.720862025
28,32,16.9567067916322,56623.2355166451,20687.945849546
28,33,-17.7386452494037,51679.8865740741,100248.861111111
28,34,-55.492902061915,53478.6656682356,105864.354229069
29,1,-57.5262759439167,15570.9626074591,48567.9981901622
29,2,-61.5333987799815,17240.7750547918,59845.7029952846
29,3,63.3920389975381,41483.6926679587,60982.7408349483
29,7,-24.5961795031087,82938.6724960254,69414.7765412471
29,10,-9.49291018632812,99200.5127926361,79589.0139160687
29,12,32.1114742124387,115806.521464646,30626.838023088
29,17,32.9078281037849,91748.249382716,90626.4160493827
29,18,-21.3448941945873,99794.3748800614,93767.4498656688
29,21,68.0869142057779,83189.8037825059,45781.548463357
29,22,64.1114958379778,85967.6793710299,35172.8040716443
29,26,3.87450899039912,42325.4184472934,102748.789173789
29,27,0.580926498135,45357.1428571429,106413.751008878
29,29,3.09246756895709,65323.586543501,21766.555293501
29,30,-4.48089007997307,73791.6209484172,22294.4743977803
29,31,-24.3803108054876,46319.6147499365,19733.2550562749
29,32,17.2155109897074,56813.8469996858,20624.3664258037
29,33,-18.4937655921657,51787.4290682775,100278.97217646
29,34,-56.3746694971745,53643.9350676819,105925.780809363
30,1,-56.6931038767934,15784.4468669251,48889.8724160207
30,2,-60.6332995551989,17341.5085750232,59968.3328367104
30,3,63.8781669760964,41474.1161616162,60967.297979798
30,7,-24.0836903742213,83100.5724104719,69464.5576131687
30,10,-9.3396563548075,99236.3213069391,79621.2235703136
30,12,32.4817839085832,115755.264940807,30698.3463485951
30,17,33.8107508558638,91657.1451725514,90613.2206263714
30,18,-21.13639976322,99695.8356833991,93742.9345271668
30,21,67.3353429313906,83197.7549628375,45886.6509078935
30,22,63.9743256816197,86026.1557084607,35206.5749235474
30,26,2.49760666926083,42300.8356999172,102714.499763342
30,27,0.307315234550799,45369.6361878085,106398.285981059
30,29,7.73639158283117,65183.5833970438,21886.5841615698
30,30,-7.68401861680746,73773.9528218695,22317.9941421013
30,31,-24.2543539044246,46479.8431203224,19791.4600296077
30,32,17.1603420163896,57069.5774797786,20544.9127288208
30,33,-18.3567016120783,51855.3340080972,100299.149797571
30,34,-54.9278138855939,53769.212962963,106018.089387464
31,1,-56.6191567029667,16037.6005275687,49299.2134723026
31,2,-60.6924380608605,17364.2381754525,60099.1131589378
31,3,63.8766828128618,41493.0762558158,60952.1883132245
31,7,-23.6831922361155,83144.780587981,69467.0233463035
31,10,-9.21304015451078,99224.3770618376,79616.4622376641
31,12,32.6236070632982,115742.113472927,30752.7760152284
31,17,32.6075335468394,91680.18847487,90646.6168399769
31,18,-19.5769758101064,99752.0880255255,93802.0915446697
31,21,68.487934136052,83208.2639467111,45866.1046350264
31,22,61.9817163479492,86118.3103744071,35062.4583711777
31,26,2.53791015098659,42278.8437721161,102678.930761972
31,27,-0.466285974182298,45359.4923594924,106367.845117845
31,29,11.4593536943284,65213.3172768144,21995.1846499679
31,30,-9.73596962093356,73790.4761904762,22378.1746031746
31,31,-23.5850429270319,46594.1307261209,19844.2657569851
31,32,14.3369716595954,57420.2304352375,20464.4329357606
31,33,-18.6777931678587,51883.6945790702,100286.201983486
31,34,-55.6554712215928,53874.4891244112,106086.699916874
32,1,-56.0698830042513,16298.796719335,49702.9840091376
32,2,-61.4865927604385,17406.1477302718,60221.7224201636
32,3,64.5969094499696,41502.248723989,60893.0594817432
32,7,-23.0497161268609,83202.4345774346,69489.3221793222
32,10,-9.1672101624828,99177.5484677924,79617.5760892224
32,12,32.2993236366355,115663.852201258,30775.3127183788
32,17,32.4821159217358,91666.2977244597,90670.8416642864
32,18,-18.9970000658491,99760.3878539844,93861.5909304732
32,21,67.4142919353215,83239.2958390489,45696.0459533608
32,22,61.1163713293871,86187.3647430117,34898.7563871356
32,26,3.12041096080441,42232.2771990741,102750.9375
32,27,-0.493987958717199,45511.6811651509,106467.119744299
32,29,11.9823864524026,64973.9742086753,22025.8645955451
32,30,-9.58030490299835,73650.0469014766,22358.9248971193
32,31,-23.0003084917454,46718.2881919696,19910.3201473034
32,32,16.1162225431538,57659.1414380322,20385.6827499212
32,33,-19.1772060686103,51940.713529256,100335.996381608
32,34,-56.6771750152745,53974.1213504912,106155.138715926
33,1,-56.0686657909051,16523.0872388481,50008.5905640253
33,2,-61.7269932776701,17441.3837601747,60242.0058235722
33,3,65.3576507879939,41491.0115854133,60788.869450276
33,7,-21.344167867043,83374.3097771023,69478.7255150287
33,10,-9.52509064030308,99201.1329955886,79601.8326095947
33,12,32.0876551505415,115684.74141541,30821.5207984366
33,17,33.0682984538827,91588.943870721,90667.8356282272
33,18,-18.4577953605772,99679.5477502296,93848.9474288338
33,21,66.2045333963252,83302.7090209021,45605.2599009901
33,22,59.2372053903231,86294.8717948718,34819.8840750565
33,26,3.2893077380968,42221.1348963643,102750.753199683
33,27,-1.50304941164255,45626.7540427752,106510.732916015
33,29,13.0102237824665,64929.3441089173,22070.3268163634
33,30,-9.67079985366519,73697.8979787107,22383.3512737711
33,31,-23.1560550114509,46699.425795053,19926.5842167256
33,32,16.6261439041214,57736.262696932,20435.2780368988
33,33,-19.2175382167365,52021.8634442684,100378.83540236
33,34,-56.6484810272427,54062.7589163237,106250.569272977
34,1,-56.2216980194345,16643.5870380792,50172.3652535484
34,2,-61.4028113888377,17476.8074468785,60289.388033682
34,3,65.4626452496651,41537.7484974572,60692.3341423948
34,7,-20.0864294603383,83492.1617992615,69476.0395686472
34,10,-9.42883137674703,99137.5593904839,79587.162322677
34,12,32.706534755293,115598.6024088,30816.6640559733
34,17,33.0987254184273,91567.4473959821,90656.0292297439
34,18,-18.0888101758367,99614.061784373,93858.6653842631
34,21,66.9015714633027,83380.2663438257,45545.7750425971
34,22,57.1326228433899,86350.047419387,34705.9798342817
34,26,1.88612990446785,42214.8361823362,102774.297720798
34,27,-1.33567696876534,45668.6313189633,106501.003977419
34,29,12.3905964625264,64835.8330155098,22081.5074370709
34,30,-10.3509049048392,73712.5029613836,22422.0741530443
34,31,-23.0513849567342,46719.894609537,19944.1344160332
34,32,16.1492214928781,57935.6723779855,20315.8787642783
34,33,-18.9085187372436,52056.1026936027,100412.698566865
34,34,-56.187383817594,54222.1180128468,106377.2533142
35,1,-56.0478593835977,16729.0677363507,50224.3067148952
35,2,-61.1055463403366,17508.2565247688,60315.3458760927
35,3,66.2633090778664,41518.1145575785,60666.9541844609
35,10,-9.31803225843606,99135.2606533623,79591.957287756
35,12,32.0777421596057,115575.238215488,30853.0892255892
35,17,31.7862949200585,91565.7716813348,90634.199669967
35,18,-17.6472678647489,99691.7282706093,93914.1386648745
35,21,64.9693691726015,83296.1319718928,45600.5017566974
35,22,57.3417070447147,86357.6299167384,34723.3909943535
35,26,0.901605056776191,42287.3950740004,102740.215650541
35,27,-1.7103139017967,45787.9306025304,106530.139045472
35,30,-11.090880780001,73799.9177824759,22465.3438454311
35,31,-23.8445605850429,46717.6707389972,19947.6023686767
35,33,-18.776606630154,52148.202237595,100405.951618413
35,34,-57.9255376968052,54498.3766445226,106444.180669532
35,35,-21.9942764016531,80243.9205457464,68302.4210807919
35,36,-18.038534478965,86522.5003810395,70496.5172991922
36,1,-56.1504418682318,16769.3361995365,50284.9676789852
36,2,-60.8743741993482,17578.0616899459,60384.0293506984
36,3,67.2801330688269,41524.9729860645,60486.9559952306
36,12,32.0380776326314,115563.444141781,30877.7718926554
36,17,31.8333396815875,91479.9087235229,90656.2198067633
36,18,-16.5810844285861,99557.8460620525,93926.8728453991
36,21,65.1513230051846,83308.9437019567,45662.3962700908
36,22,56.8327525187588,86383.8997914296,34708.4269529769
36,26,-0.847297339750838,42326.2777777778,102750.571815718
36,27,-2.63807589877833,45856.4126279443,106559.444752744
36,30,-11.3819736283206,73549.1797556719,22435.189063409
36,31,-23.3740138264826,46832.0633874982,20007.1246889182
36,33,-18.9190596908,52275.0953159041,100512.534565108
36,34,-55.6597556063647,54676.9019306994,106536.859097302
36,35,-18.6324275570174,80519.7611710324,68461.7188837528
36,36,-16.7759775534867,86927.4925243941,70447.3737016053
36,37,-2.70137166587877,61088.7699983507,21127.4788333608
36,38,-2.76679204963094,95239.59971174,78965.0206367925
36,39,-15.7645823106698,103044.698935462,80229.9051896208
37,1,-56.5671188199189,16868.5393681799,50406.4508349913
37,2,-60.5591157496286,17603.8506885493,60418.5350248381
37,3,67.5686140124229,41515.3489317661,60425.9277740815
37,12,31.4301780662191,115486.509967222,30910.4271188708
37,17,31.3476520974041,91484.9147753167,90670.9791723635
37,18,-15.5643146025073,99547.2954384097,93944.6940450834
37,21,64.8555566009467,83321.3347849037,45637.657253453
37,22,55.9678946140384,86417.72459123,34676.1972779636
37,26,-0.692872889792142,42329.2032520325,102762.273712737
37,27,-2.80677424847579,45948.9170337739,106587.842633382
37,30,-11.3841258968956,73449.1342735925,22419.7741084738
37,31,-23.5324667213253,46839.6028376515,20014.2054938675
37,33,-19.0489327780148,52427.798585102,100583.815022888
37,34,-55.5936224468485,54853.2654177932,106632.908458864
37,35,-16.6520925897079,80634.142804356,68530.8467579596
37,37,-2.1797195243247,61063.0097337455,21063.6224987799
37,38,-1.99046256688068,95197.1041584678,78966.61911321
37,39,-15.8359418236533,103152.917955659,80265.7434261408
38,1,-57.2245635038935,17003.509557945,50594.023297491
38,2,-59.77247711627,17619.3012275732,60395.3556814605
38,3,68.1548591170908,41549.2396593674,60311.4226203642
38,12,31.446598487599,115354.947343865,30949.5309271479
38,17,30.3258449812821,91450.9542243955,90689.3337408313
38,18,-14.3624035597789,99548.3855555555,93992.9822222222
38,21,64.0074681485316,83430.2972330307,45492.6848249027
38,22,54.7708380162277,86483.5019673974,34580.9970489039
38,26,-0.742725142822252,42385.2023152656,102802.261170616
38,27,-2.98343191793778,45918.0540458937,106620.564613527
38,30,-11.1201142203566,73382.8174603175,22417.5878684807
38,31,-24.0663799326962,46850.6573712384,20028.5219545718
38,33,-19.2120750773538,52620.8518930958,100669.735214056
38,34,-55.2268787122316,54968.6574074074,106714.466794381
38,35,-14.6717576223984,80748.5244376797,68599.9746321664
38,37,-0.985159952134822,61038.046975547,21069.1930770056
38,38,-3.46553841552445,95230.5810397554,78964.7744648318
38,39,-15.1515866351637,103287.612612613,80297.5698524612
38,40,-10.2132218451602,87401.066572902,70255.6200187529
39,1,-57.0268986428995,17085.9793617147,50787.6611906024
39,2,-59.7008356368617,17677.2857986694,60451.6407075794
39,3,68.4998115380274,41573.6821028105,60201.6664846367
39,12,31.6510153967982,115345.577290391,31006.5945465323
39,17,29.8898564307579,91420.1259976684,90719.9802708277
39,18,-13.5671865629769,99505.6944444444,94015.8333333333
39,21,63.5790581383116,83427.2700701481,45522.2189746254
39,22,53.8266407968374,86469.2679684635,34601.1837642098
39,26,-0.655174604765364,42298.8076012059,102798.145456503
39,27,-2.53784030267228,45867.3971082313,106635.464662827
39,30,-10.5233943180309,73256.3442211055,22432.9438860971
39,31,-24.1151238403326,46972.909180582,20046.0323751145
39,33,-19.7123586686959,52701.7087787496,100682.44351312
39,34,-54.2008650933583,55065.8943626526,106790.787404052
39,35,-14.5287784902781,80767.4441888207,68637.7321915474
39,37,0.253490674760727,61095.3187330461,20981.6652039785
39,38,-4.02215032142999,95156.2562421973,78952.0630461923
39,39,-14.5990514998141,103362.862178243,80346.2682705989
39,40,-8.82694689762842,87562.5037639265,70212.3381511593
40,2,-59.9252991369753,17665.7923522524,60428.1136377642
40,3,68.7491554586508,41583.6229121278,60134.0849673203
40,12,31.2687470205346,115183.302889679,31083.2123815166
40,17,29.5067370164402,91347.4843819723,90710.3592146363
40,18,-13.0663125801878,99434.7745098039,94032.1557734205
40,21,63.6818228713347,83460.3986153585,45524.6506540945
40,22,53.408049981502,86489.9830259657,34554.7435544545
40,26,-0.897820894296402,42313.8100203187,102810.615174848
40,27,-2.13870315019147,45852.7747941282,106673.217269364
40,30,-10.6939297523859,73145.8720672864,22440.918271359
40,31,-24.0617611406546,46952.0802741067,20029.9629396546
40,33,-20.0315144174288,52794.0502051653,100723.930927669
40,34,-54.3154728333495,55174.8824303988,106925.311951342
40,35,-12.6735436798414,80925.2803261978,68771.7082908597
40,38,-5.47402565246738,95094.9975281177,78969.0504881968
40,39,-12.2411112974165,103432.234467646,80367.4432843516
40,40,-7.72301510569871,87827.5555555556,70179.9648148148
40,41,-55.4750521885097,14449.7568414111,46864.6609517529
40,42,-61.0154069227953,20229.0098821741,55635.5093120486
40,43,23.2852205642083,58986.6891181809,20003.2280022929
40,44,14.050326865191,63771.7007797271,22285.0341130604
41,3,68.6102658867635,41630.1629462689,60076.7153180225
41,12,30.6465107518453,115124.044223004,31140.8069558421
41,17,28.6360927714711,91263.5273822082,90713.8471343179
41,18,-12.1570278310801,99395.4119367045,94044.0843223254
41,21,63.6929326562914,83478.5653028782,45550.5710341365
41,22,52.2234796970857,86552.3375648376,34503.7469287469
41,26,-1.05733198948117,42277.5351484629,102820.564473822
41,27,-2.86509688859168,45912.1954063192,106712.871633438
41,30,-11.2956288194377,73245.6617972554,22486.59666888
41,31,-24.0422804537064,46965.214878281,20047.7738678091
41,33,-20.4270401003676,52904.2306155076,100768.561151079
41,34,-54.3628656960377,55292.625,107009.259259259
41,35,-10.9557412607433,81046.1233909214,68833.6128048781
41,38,-11.1586468005735,95031.4855204168,78881.2265236884
41,39,-8.80390719224343,103469.074923547,80382.3585626911
41,40,-6.08294114473618,88071.9715268628,70143.9814814815
41,41,-55.3370269836233,14507.6924093456,46922.1297177291
41,42,-61.7904443720995,20372.0095238095,55881.8142857143
41,43,24.2389527234228,59137.9178537512,19963.0009496676
41,44,14.7569501176149,63762.8540305011,22315.9409842368
41,45,-63.7115498395416,14994.8508623127,55684.3564461408
41,46,-57.5216930287218,19851.3144357808,64131.9742256877
42,3,68.7679990793079,41617.7659084467,60044.3301799887
42,12,30.9258691085424,115059.012916908,31185.6371698477
42,17,27.4480481567562,91208.0996783168,90716.0602503912
42,18,-11.7111815732717,99361.7092535525,94055.7738400959
42,21,62.505772331244,83472.2128659348,45556.5234115103
42,22,51.6478047519437,86545.2440395861,34560.2249212775
42,26,-0.794555960252879,42233.3411287808,102826.142033053
42,27,-3.0512917512563,45889.1440201812,106724.379371632
42,30,-11.797730302132,73274.7972824896,22481.9293776025
42,31,-24.8422165817846,46949.8415587918,20028.5944242179
42,33,-20.258340321405,53028.777184658,100815.226374061
42,34,-53.8988361064552,55409.6166789036,107124.973996574
42,35,-12.6601593400401,81082.8473238978,68793.4744590857
42,38,-16.102068901788,94863.1582192625,78799.6315821926
42,39,-5.3197913227289,103368.17679558,80356.345917741
42,40,-5.10278093127523,88185.9777777778,70162.3259259259
42,41,-54.8151679343825,14569.8216896408,46968.515037594
42,42,-63.7884659409947,20499.5778405524,56147.2740112994
42,43,24.6611995939614,59282.4715882408,19876.0308068
42,44,16.3040558380232,63658.0316742081,22290.6469959779
42,45,-65.2930016257447,15046.5644151346,55603.1075139888
42,46,-57.3761388785502,19953.731609574,64236.5804787
43,12,30.8610538876188,114968.8456896,31213.2694873261
43,17,27.0614687913118,91140.3607617051,90736.2748951782
43,18,-10.656139579112,99225.8936832366,94078.3024224073
43,21,61.2328817056408,83517.430295464,45545.4608822305
43,22,52.4706559195506,86502.448657188,34559.8220554678
43,26,-0.953603405705593,42298.0555555556,102834.884792627
43,27,-3.10281533082288,45989.8516253256,106741.529335146
43,30,-12.4529873969676,73225.6190628669,22442.902124026
43,31,-25.0900082540748,47033.5907177159,20061.233635945
43,33,-20.2631382475032,53123.6130672926,100818.547535211
43,34,-54.6984241174253,55598.8825893928,107218.157547396
43,35,-14.6344228263003,81069.3558776167,68714.9758454106
43,38,-33.832614172794,95046.44533571,78852.8134284017
43,39,-14.924581681837,103145.880149813,80084.1229712859
43,40,-4.21162047193982,88267.48046875,70170.3938802083
43,41,-54.812774831915,14596.8362763321,46949.2797397769
43,42,-65.8654628960614,20561.7094253722,56405.7678110004
43,43,24.8510384584274,59494.9782730586,19806.1431174657
43,44,18.3880402803413,63548.8183371298,22307.9710832701
43,45,-66.2631804516441,14924.0978016157,55348.2684412661
43,46,-57.379551102213,19916.8016247379,64125.5149371069
43,47,66.3143754017972,40312.466037466,63641.4289289289
43,48,68.7600136765407,42937.1089365881,56503.2407407407
44,12,30.5025288146834,114915.163741034,31244.1054800554
44,17,26.1287934836495,91100.4236547869,90725.8746069182
44,18,-10.3290034945788,99134.269005848,94085.9659565581
44,21,59.3656038746006,83597.773466371,45487.7350743204
44,22,53.1056265309748,86467.3962728551,34616.8776371308
44,26,-1.05499405247339,42263.458690768,102830.507046569
44,27,-3.4116320621616,46058.989001692,106766.49323181
44,30,-13.0130663113254,73186.6619228336,22434.1898587392
44,31,-25.9028173949925,46993.1807832423,20081.1727491543
44,33,-20.2017239170227,53185.5793205548,100839.400225962
44,34,-53.7866062553697,55739.4542378917,107282.699726971
44,35,-16.4091857391024,80950.7585308455,68649.7016305261
44,38,-39.1800212713816,95215.9699892819,79025.4361676789
44,39,-27.4446785700588,102589.60523023,79743.6686686687
44,40,-2.04842055815701,88208.4224318658,70175.2655485674
44,41,-54.5469690949973,14560.4674487101,46914.1237558399
44,42,-66.3557523648909,20652.1508803886,56600.2064359441
44,43,25.8429334643557,59600.0722543353,19754.6816221672
44,44,20.3464623838646,63398.8866461617,22322.8581955658
44,45,-66.767818297618,14948.8569604087,55361.5788633461
44,46,-57.4083375659665,20024.6204857782,64320.7241397678
44,47,66.3245496012402,40314.5369202746,63570.7335014712
44,48,69.5156524442125,42923.1475650714,56306.9321998321
45,12,30.1116538636313,114838.900501672,31278.1548061439
45,17,24.1121040263105,91096.1639702106,90676.7987074131
45,18,-9.20492370468808,99051.128214639,94088.5550609957
45,21,57.963977724236,83716.1905914629,45356.6670701202
45,22,53.713418439897,86470.9520697168,34648.8649237473
45,26,-1.61628645760791,42233.4445979128,102837.808215674
45,27,-3.41757990354029,46087.4972469992,106791.672172668
45,30,-12.4155217986979,73242.0299548841,22448.6924247193
45,31,-25.0209328758916,47189.8873745978,20116.947441479
45,33,-20.2746349345188,53187.9222069387,100801.882737276
45,34,-53.2563302524131,55876.6753926702,107320.725712624
45,35,-21.0024327167506,81027.1586836103,68683.0400782014
45,40,1.60507590465578,88286.463926752,70200.8106154482
45,41,-54.1649462897985,14531.2716434155,46874.0514000198
45,42,-66.861097592576,20734.2233439603,56754.1091037903
45,43,26.6605925635344,60000.578226619,19498.4611156911
45,44,21.634515188403,63404.4889760837,22255.8482810164
45,45,-67.0643910431134,14953.6345496009,55340.0528949702
45,46,-57.179876554768,20108.1694031392,64469.6470983065
45,47,66.381809803143,40305.4257362356,63650.4161331626
45,48,71.2257900326075,42863.5486854274,56237.8534152464
45,49,-13.8970532856304,98515.9927364454,79108.3903172867
46,17,23.1101573837555,91032.7758591285,90750.2558199028
46,18,-7.77232000037777,98945.3537023431,94118.4413013307
46,21,57.0499997453194,83770.7734243949,45384.0622254174
46,22,54.4741370492395,86440.1891025641,34773.0341880342
46,26,-1.35929946721252,42265.095296026,102862.886506488
46,27,-3.42327221021019,46228.7334983498,106829.319306931
46,30,-12.0509046448659,73248.1187810945,22465.3956778607
46,31,-24.5300687092457,47293.5461157536,20140.4665738162
46,33,-20.2485371019114,53302.0250714178,100811.501090062
46,34,-53.5059281805061,56094.1994301994,107392.068376068
46,35,-26.1670523260606,81048.9101637765,68687.4136962107
46,40,7.50795143028095,88301.3269310202,70089.1195098444
46,41,-50.7018183707876,14503.7287176459,46814.6110126956
46,42,-66.4778682497734,20800.2780674314,56924.8696558916
46,44,22.678125088992,63265.7213656388,22265.2120044053
46,45,-69.0414083886132,14818.0462445686,54956.6682184978
46,46,-56.6695779719968,19960.2056476366,64347.6736750563
46,47,66.9436516624727,40339.7183884009,63564.8456015614
46,48,72.2366468662912,42905.81257414,55997.2996573086
46,49,-14.0730496864847,98534.886281913,79124.8778916457
46,50,32.308799804402,111878.615136876,33053.0622651637
46,51,18.6467137292955,118858.198507683,28949.1227098109
47,17,21.6217033161746,91038.4781959379,90779.3138760881
47,18,-6.24367013115128,98712.7448589775,94178.8923433309
47,21,57.7391658672454,83790.2579648122,45266.3962196862
47,22,53.1959265044459,86423.8762235961,34711.3976901941
47,26,-1.29103027718745,42256.8081808181,102870.444544454
47,27,-3.00290553133715,46223.1364617044,106790.970873786
47,30,-11.3363271132858,73270.7771650327,22503.0394709967
47,31,-24.5991082720109,47393.28476017,20172.1417729205
47,33,-20.1394111781788,53371.0482250502,100837.14463794
47,34,-54.2004914886062,56260.488310067,107443.535069799
47,35,-29.2226876210321,81057.4007651841,68745.608161964
47,40,11.4558031450417,88336.5055079559,70028.7637698898
47,41,-49.5547062649694,14585.663004722,46769.9804856895
47,42,-65.9304460285927,20895.7837301587,57144.0603741497
47,44,24.8149973180431,63170.5368965932,22293.2240881185
47,45,-69.1560860290025,14653.1234903382,54572.2297705314
47,46,-56.2859342162485,19838.8188715755,64139.9149607903
47,47,66.9181833912731,40424.7801758593,63411.8055555556
47,48,71.6815215513823,42984.2272546683,55717.8651834194
47,49,-14.2684516154773,98552.4600629491,79139.0291881941
47,50,32.3444530690999,111671.530485164,33140.996588694
47,51,20.9765646438391,118738.025959207,29002.4996434175
47,52,28.6319191947021,60614.1924283154,19207.4697580645
48,17,19.203516794675,90943.5721801347,90757.9629629629
48,18,-5.34013809335008,98537.7421090387,94180.0255061374
48,21,56.9697956161961,83867.8964628719,45253.728429765
48,22,54.9591330292679,86450.0789990606,34646.7909300538
48,26,-1.23570507218881,42343.947885939,102870.624385447
48,27,-2.94927148949864,46236.3631488632,106815.560649936
48,30,-11.5674080784822,73163.8791251709,22506.9432239797
48,31,-24.6383547044786,47379.342513114,20187.821888412
48,33,-19.9083281235195,53438.1591957811,100830.028198931
48,34,-54.674164742841,56426.681212935,107514.267931073
48,35,-30.1204290128749,81105.7843839541,68781.3057147405
48,40,12.1048911004232,88428.502994012,70008.0106453759
48,41,-48.7482369294291,14684.9486845909,46757.1299508528
48,42,-65.1546082440582,20969.7550986292,57303.7431739663
48,44,26.6052954810596,62919.598423257,22327.8609263365
48,45,-69.757115854252,14535.9717822363,54273.2033908248
48,46,-55.8663634711928,19795.5711837064,64064.540481952
48,47,67.0632340756153,40424.991673328,63416.0355049294
48,48,72.3450091079266,42983.6394689353,55580.7118458366
48,49,-14.5980256244793,98545.3496370448,79130.3045603559
48,50,31.3429402467338,111623.957342214,33162.1180885929
48,51,19.449491118268,118787.077763404,28966.5696420871
48,52,29.2026020225786,60770.599495345,19082.0455929696
49,17,17.3268043118746,90947.172096909,90764.4172932331
49,18,-4.50695629161214,98445.1012978791,94214.5318930041
49,21,55.4828166804083,83806.1250581125,45285.9406477607
49,22,55.2399201658188,86439.7689040289,34731.3861552696
49,26,-2.23351027185799,42361.5860990861,102850.757575758
49,27,-3.26411418139107,46356.8218570683,106844.960876369
49,30,-10.9892761161033,73206.4242118416,22546.8029123414
49,31,-24.7616413315024,47382.5115012812,20197.9144828791
49,33,-19.8750707468703,53539.6183699871,100855.424392698
49,34,-54.5905383120098,56642.7731161566,107606.102610508
49,35,-29.6353738393688,81242.1468472605,68847.5474441384
49,40,13.7420916871525,88605.0159020165,69999.533089728
49,41,-49.3243578278724,14725.744558992,46732.9025868652
49,42,-63.7904994917764,21051.2818401405,57565.5248133509
49,44,26.4885211029318,62802.6264533142,22372.0858803788
49,45,-68.9750837022587,14359.7905282332,54011.1452641166
49,46,-55.4884124071917,19701.9058846645,63971.1501620984
49,47,66.8880461417747,40407.3238244106,63339.9472450176
49,48,73.5827894518039,42942.4357739242,55395.0834938985
49,49,-14.9311847057818,98562.2829410407,79151.5374408677
49,50,31.6605121680023,111403.132045089,33276.3177670424
49,51,21.3450934626022,118680.504430811,29042.2682344922
49,53,38.4035035175386,58387.933784625,20272.6171023965
49,54,25.2022705949454,64341.1891558842,17156.9983569521
50,17,16.0705127842162,90889.1868045175,90792.9507141671
50,18,-4.0728851262852,98378.1744604316,94218.9498401279
50,21,56.767334157448,83848.8747028602,45220.681887892
50,22,54.4723154429102,86459.4827951521,34625.9057971014
50,26,-3.06389646753016,42282.4811149359,102842.160307898
50,27,-3.22050340051713,46404.7732635683,106841.502513594
50,30,-9.66215902996603,73206.1437198068,22539.4323671498
50,31,-25.3929261247698,47274.8808905059,20184.1512185262
50,33,-19.5635331039457,53585.2558574098,100897.068599971
50,34,-54.3038925352915,56807.9755271496,107706.316235114
50,35,-29.8540309105527,81235.7441985554,68846.0715383433
50,40,15.2968643237043,88649.3080993081,69963.2851716185
50,41,-49.7793117208922,14764.9820177929,46757.929916714
50,42,-63.0037042531746,21105.6347697507,57861.2563371356
50,44,27.0152412450539,62722.8745118921,22405.3336883209
50,45,-69.0131175780006,14271.0875369234,53930.0911724608
50,46,-54.2647960328422,19751.2456008044,64081.045751634
50,47,66.9745973050176,40448.1253260303,63227.5495565988
50,48,75.169520137594,42921.0914311524,55140.0680732998
50,49,-14.8983348076296,98571.6531837161,79186.3669972164
50,50,31.119480427365,111527.637472969,33219.4714756462
50,51,20.5798005984455,118875.559890189,28927.319029042
50,53,37.1225430360886,58456.4821400348,20196.402323376
50,54,25.3298118703042,64576.8510280743,17062.9571965204
51,17,14.5021393344078,90881.3781014024,90767.5618205958
51,18,-3.8519940399392,98252.1113867234,94231.4197968344
51,21,55.6917426185638,83837.7832726997,45207.7743671366
51,22,55.47574567659,86410.1008199465,34677.9492971888
51,26,-2.82667697230055,42316.9814020029,102852.134000954
51,27,-3.71239692408074,46408.6415525114,106852.683916794
51,30,-7.77281370174502,73265.0094966762,22594.6628679962
51,31,-25.4097348533932,47235.9200769797,20218.6774777834
51,33,-19.4234826517234,53675.0026812527,100924.296618047
51,34,-53.9642009702493,56990.803010613,107787.536549708
51,35,-29.5462520030415,81216.2567049808,68860.5191570881
51,40,14.7942978415215,88717.8869524573,69976.5675080128
51,41,-51.0114715501498,14862.6028368794,46855.9444444444
51,42,-60.7098842529926,21268.9591078067,58149.9741842214
51,44,27.7878350748701,62714.8634701581,22416.1815876386
51,45,-66.7502499798188,14044.364558807,53654.7945397466
51,46,-54.7021053104361,19630.6741659014,63946.3983267014
51,47,66.6676074775246,40463.5286863967,63233.1499870197
51,48,76.6185994538762,42875.6031746032,55026.4793650794
51,49,-15.2397168859962,98573.8054412437,79177.8327903521
51,50,31.0585300298449,111347.210583489,33299.0689013035
51,51,20.1041869496133,118809.420289855,28963.8675760159
51,53,36.7350401464494,58490.7069623271,20150.2225401367
51,54,25.7206748149242,64688.2251511716,16934.233276644
52,17,13.4398713575664,90879.6200558017,90772.9269243394
52,18,-3.53832416182037,98208.8927738928,94240.2661227661
52,21,55.9361584067771,83843.1614559904,45244.2260833708
52,22,55.5426613998113,86438.0530698484,34641.6728809346
52,26,-3.00145019859569,42231.7806942054,102863.108385925
52,27,-2.9382866667313,46486.0225662821,106837.689738919
52,30,-6.75288882254377,73266.4918825075,22636.6237331081
52,31,-26.1813927885057,47298.0784248104,20314.8287594824
52,33,-19.1246782029746,53769.5694178544,100951.73987804
52,34,-54.512485934087,57164.2605068977,107879.885841087
52,35,-30.5253587643796,81193.2384064737,68867.2619047619
52,40,14.7171518061327,88744.2172897196,69954.4733255452
52,41,-51.8614472753379,14855.4119183286,46863.0603038936
52,42,-60.0472467311048,21425.9761831749,58334.0935807012
52,44,26.8086750584546,62628.0398322851,22382.3448054973
52,45,-65.9795734168936,13873.0563855688,53430.0215803453
52,46,-55.0302751956913,19604.0894358351,63912.2708396637
52,47,65.0101189278052,40484.6146435453,63243.6753371869
52,48,78.9179357659358,42890.6662891657,54901.4911287278
52,49,-15.3026328990153,98587.4210377891,79170.4067963903
52,50,31.2058269541799,111160.831537909,33371.7028316405
52,51,20.6615165596506,118757.668329177,29015.3124134109
53,17,12.6558199242811,90896.6910259559,90734.2104724474
53,18,-3.29521170168015,98130.5709342561,94222.794117647
53,21,55.8567379446841,83882.3343407208,45215.6154391463
53,22,55.6208950377872,86432.1107845538,34690.2900236754
53,26,-2.80473965482695,42387.8865979381,102861.998854525
53,27,-3.57372529755646,46629.134453365,106880.337496283
53,34,-55.4841454469988,57369.7822117893,107997.699530516
53,35,-30.0349524779111,81361.1579065588,68944.7589098532
53,40,17.1720530571315,88982.6887841906,69896.1228896741
53,41,-52.872013713879,14948.8824344999,46996.1022662077
53,42,-62.5177101194764,21626.8393054301,58690.0168122052
53,44,-6.20898913369187,62710.1676297099,22775.3791982665
53,45,-62.1325435365269,13744.2569786535,53048.7411056377
53,46,-52.3153521418202,19306.9750097809,63662.1038732394
53,47,63.6026047330503,40512.365792759,63162.2846441948
53,48,81.1897742678074,42853.7698412698,54715.0793650794
53,49,-16.0570397099171,98624.1970377767,79188.0436290009
53,50,30.8429617556406,111162.934815487,33384.3983161928
53,51,21.7542307977166,118834.8659601,28970.4454142422
53,55,-21.2236817954432,47963.7002290345,20359.67817712
53,56,-23.5727426342073,49507.4239621866,99584.6862583915
53,57,-1.30924327395756,58732.3831587429,18343.4495030889
53,58,-23.0395688383885,58330.535918309,102477.863467581
53,59,-18.7529509173182,72622.1720645839,22150.53143212
54,17,11.9483896481898,90837.7139857881,90705.037750323
54,18,-2.78992215898741,98053.2543759513,94233.4684170472
54,21,55.1769131459535,83914.7726439311,45112.2442244224
54,22,56.2709088382396,86434.4152686603,34645.8140854202
54,26,-2.86375394789717,42363.614687649,102839.567238913
54,27,-3.32779108414879,46752.3718701095,106869.773327465
54,34,-56.5924798856604,57565.1094665433,108145.969524103
54,35,-31.4095539514629,81306.8783068783,68923.0250587889
54,40,16.3414316407234,88975.006490135,69920.267069055
54,41,-54.0317533145909,15091.2877690897,47166.4808379187
54,42,-62.8103502416307,21887.9740151292,59083.2596522252
54,44,-8.70706555201676,63053.5813169616,22929.9822438907
54,45,-59.9514255792052,13640.1097560976,52879.6680216802
54,46,-52.210476563613,19196.1108665884,63576.549051252
54,47,61.6188915133982,40555.4202438721,63071.1755008088
54,48,86.0282512793295,42681.8700667881,54485.467516697
54,49,-16.0858218567056,98606.9581483309,79184.6009428274
54,50,28.9860982742045,111105.243180008,33453.3539924333
54,51,23.11761289725,118856.421892189,28969.9102722772
54,55,-20.2720381260696,48179.1831413673,20417.6279296315
54,56,-22.9061622446441,49484.9008184214,99543.0104730198
54,57,-2.41555363095537,58717.4971363116,18310.313684025
54,58,-24.3426652913801,58427.1533025469,102516.155891408
54,59,-19.9998895607882,72065.6496530748,21981.3147514495
55,17,10.815399912307,90882.724993886,90727.430300807
55,18,-1.19429237823856,97933.9019970699,94271.5986197856
55,21,55.598388684819,83982.2823802276,45031.5195332319
55,22,56.1762552535544,86440.2626920911,34624.0787673988
55,26,-1.87390107301678,42404.6681770981,102876.234305674
55,27,-3.21174866307643,46887.4159356725,106883.775584795
55,34,-58.1533128486663,57723.0643539467,108268.298139769
55,35,-31.4186021820538,81292.4125514403,68937.9574514991
55,40,15.8279967671577,89053.2226062468,69891.6586661546
55,41,-53.9533999560503,15323.1417953116,47459.956880122
55,44,-10.6734189533853,63128.0413409145,22914.0073442312
55,45,-59.8090148875774,13645.962033462,52810.4247104247
55,46,-51.9005250477178,19198.8716038563,63601.8757912163
55,47,64.0668531541893,40570.6010928962,62992.8096539162
55,48,-89.6930413193924,42782.9788213628,54319.2019643953
55,49,-16.699305251251,98602.3349043827,79195.6010618127
55,50,26.2816449930545,111035.946265131,33484.8292490897
55,51,27.0013211541221,118872.191396082,28929.5177421565
55,55,-20.2159520373753,48108.2461289774,20408.5275934434
55,56,-21.4438896827485,49579.8141314746,99577.2772311056
55,57,-2.57448963429987,58610.2911907234,18237.1549411561
55,58,-27.292047427262,58540.5802391879,102589.014045334
55,59,-20.1084494742623,72100.3617625163,22026.0085147962
55,60,-62.217958635339,22218.1098090278,59630.46875
56,17,10.225532019857,90972.5043082225,90730.7186525521
56,18,0.300080160297114,97767.0549068987,94321.0508241758
56,21,55.6073072609182,84044.2707219728,44978.0352433896
56,22,56.777925249288,86385.826567972,34649.4239493792
56,26,-0.421981181440202,42529.880952381,102869.258870215
56,27,-2.85855463647687,46998.1647258612,106859.623968947
56,34,-61.6555256182237,57779.4662309368,108381.068033274
56,35,-31.5341479979636,81275.1054392088,68939.8887434555
56,40,17.9581522362205,89073.7772083017,69795.1547076689
56,41,-53.6041229818039,15274.9813258637,47386.5044351074
56,45,-59.3886956594109,13547.1706349206,52623.6931216931
56,46,-52.228694897749,19160.5471743295,63555.5016762452
56,47,63.1332575604399,40574.4730750487,63012.222831384
56,48,-88.2165464985184,42773.8329165178,54282.7825413838
56,49,-17.5576146373531,98574.0503039028,79188.3697216891
56,56,-17.9535984683828,49699.2385700719,99625.0474833808
56,57,-2.11338930330621,58576.443478626,18139.5240194843
56,58,-31.0480878478922,58697.1638511194,102651.356269743
56,60,-62.3933662040317,22325.2584253752,59810.5199188143
56,61,-27.5800817652767,44487.5557494667,19230.6985650572
56,62,-21.7745474659574,53099.0877227463,22101.8605870021
56,63,-4.11196997386601,68288.4252899878,22425.3758394383
57,17,8.99158535233869,91091.2777368378,90763.0670187505
57,18,1.46747712937236,97554.5172138623,94366.3664690682
57,26,0.99716983825806,42527.6355901356,102893.518518519
57,27,-3.38015402944343,47064.1229712859,106860.108758283
57,34,-63.5404699658031,57776.6849605238,108455.93346813
57,35,-31.275889912806,81304.699043894,68970.1253078372
57,40,17.4381389564515,89181.9444444444,69802.9761904762
57,41,-53.5177234725447,15191.4193143813,47247.0027406169
57,45,-58.8494963229266,13486.5453834116,52503.2707355243
57,46,-52.2134328381356,19191.1413664951,63598.0274442539
57,47,63.9172096236768,40547.8963963964,63024.7987987988
57,48,-87.2430270354753,42798.2573099415,54219.9020467836
57,49,-17.7983169175683,98592.7743533007,79204.8838311996
57,56,-15.5517135394224,49814.0856342537,99663.3219954649
57,57,-1.54291319483937,58516.6281988986,18045.6632653061
57,58,-33.9257350592965,58816.1337799432,102730.951414264
57,60,-62.2144885026992,22413.5284227013,59909.6231803943
57,61,-28.2885312437355,44375.1164558203,19213.9342453663
57,62,-22.5967892698714,53155.3914282175,22224.2134274743
57,63,-4.99712199970321,68367.934263449,22437.4648064354
57,64,7.56385937936261,112500.864663509,33397.9672389974
57,65,0.52318429794353,117099.426669455,29094.8713927227
58,18,2.11416796591355,97409.9839380196,94407.1730914588
58,27,-4.01284267316564,47320.5943716642,106900.139495391
58,34,-68.890466776688,57605.9256055363,108575.905901576
58,35,-30.8635679132058,81368.9416631008,69006.7750677507
58,40,17.5253801872358,89330.9545904479,69772.4124597872
58,41,-53.6331172582934,15084.2372311828,47135.0940860215
58,45,-58.6558171842778,13419.8042401733,52424.8413803776
58,46,-52.0359665601179,19250.2934436962,63656.7901234568
58,47,63.8059850386865,40576.3143274854,63009.4532163743
58,48,-85.8049490880387,42818.7260034904,54073.630017452
58,49,-18.5826486925173,98542.3458948459,79160.4551929552
58,56,-10.877729125282,49657.4714929727,99607.1002386635
58,57,-0.536275741049508,58295.2838504937,18020.5257796584
58,58,-39.7384445410887,58672.0080400685,102727.382364571
58,60,-61.695599851366,22482.7549126143,59998.0983428416
58,61,-29.6318751034129,44321.745132229,19185.7902257096
58,62,-23.0193215902276,53324.346946284,22493.2824380672
58,64,6.32693365445516,112580.326345525,33412.5557537913
58,65,2.15308344771051,117054.07694962,29181.0766045549
58,66,10.743131603608,39933.7829861111,103012.654513889
58,67,-13.9212836306773,63473.4793698845,22803.8261015809
58,68,-21.818786735597,72225.9113532419,22078.5075329567
58,69,55.2971386957989,82328.0395136778,47473.4520995159
58,70,67.9267797698126,86513.8049190097,36537.7844141069
58,71,2.23220219013956,88011.9731800766,91360.1992337165
58,72,2.93318794979552,95048.6958266453,90126.5115034778
59,18,2.32682941903232,97254.3125738771,94413.4428560875
59,27,-5.5548961210459,47425.5972818312,106760.54840248
59,34,-73.4218255775382,57529.4307677797,108668.133371062
59,35,-31.3892037461852,81368.0820948337,69019.5116772824
59,40,17.2511695410117,89389.3620943953,69806.4881391347
59,41,-53.6781107030176,15032.8446297767,47052.8219045098
59,45,-58.2608622671682,13349.9388939811,52322.3444342601
59,46,-52.1164920029617,19291.7719201904,63694.8414332784
59,47,63.3571314332031,40541.7683635518,63008.1037889354
59,48,-85.4065152545045,42784.2455031876,54002.1089480874
59,49,-19.0006626826393,98580.7519576232,79179.761630585
59,56,-8.97968703299364,49582.7441591959,99626.514534094
59,57,0.151163863448176,58133.7734060662,17987.8588285361
59,58,-42.7443485297843,58533.3152317009,102563.869141653
59,60,-61.3086126602502,22559.7412327787,60098.1939971372
59,61,-31.127344843051,44457.025012025,19227.9160654161
59,62,-24.4575081974049,53684.6541104004,22803.2471570718
59,64,7.02690078690114,112672.045254833,33456.3842511228
59,65,2.43166089712453,117031.335639669,29183.2078415412
59,66,18.3574483373148,40020.7774986041,102923.581448911
59,67,-14.2872652984812,63445.2030456853,22816.8429216018
59,68,-21.6758944274572,72112.8134414319,22082.0884281411
59,69,55.1243593327835,82252.0826181485,47610.2857878476
59,70,67.8589004907083,86508.7259895999,36588.9014910326
59,71,3.42630925030132,87996.9368858655,91305.3684807256
59,72,0.829481065414257,95244.1016454352,90230.2193913659
60,27,-5.58426780206945,47584.4215714016,106842.703027731
60,34,-73.6723636069114,57506.3623106595,108632.405447361
60,35,-31.9157450948595,81354.8707440101,69024.9982485638
60,40,16.9849431004337,89439.246031746,69808.3257020757
60,41,-53.4496821811138,14831.9509497788,46852.5240697372
60,45,-58.0798703457049,13263.7715712988,52257.250983954
60,46,-52.5550073768066,19323.7912361791,63766.3098151169
60,47,63.4606542469706,40536.5894901145,63043.885131229
60,48,-85.0885682305459,42766.9633901705,53891.4939262231
60,49,-19.6104192791876,98539.4079047186,79159.7525666313
60,56,-4.77624146605665,49532.2705601907,99659.3017481128
60,57,0.959177973496708,57978.5478080121,17933.8303099017
60,58,-44.9767610594547,58570.8758670331,102483.606530559
60,60,-61.7623036945104,22568.1868925663,60145.1361527012
60,61,-32.5653967056643,44478.3207291061,19252.5547799108
60,62,-24.4242635815416,53868.7261533125,23009.4808648399
60,66,19.2131694156229,40041.5941127695,103001.019209508
60,67,-14.7847480235816,63377.2715863454,22809.9523092369
60,68,-21.4075682404038,72092.6587301587,22074.2271770587
60,69,54.9139243072843,82305.124424222,47539.3916413886
60,70,66.7534752465963,86513.9500184046,36539.5468528159
60,71,1.32165155229984,88012.3425551057,91291.1287299445
60,72,-1.56066287127203,95366.2942516649,90217.6305643183
